forecastdate,state,party,model,win_probability,mean_seats,median_seats,p10_seats,p90_seats,margin,p10_margin,p90_margin
2018-08-01,US,D,classic,0.7719,231.37,230.0,210.0,255.0,7.84,3.53,12.26
2018-08-01,US,R,classic,0.2281,203.63,205.0,180.0,225.0,-7.84,-3.53,-12.26
2018-08-02,US,D,classic,0.7431,229.86,228.0,209.0,254.0,7.51,3.24,12.01
2018-08-02,US,R,classic,0.2569,205.14,207.0,181.0,226.0,-7.51,-3.24,-12.01
2018-08-03,US,D,classic,0.744,229.83,228.0,209.0,253.0,7.52,3.27,11.95
2018-08-03,US,R,classic,0.256,205.17,207.0,182.0,226.0,-7.52,-3.27,-11.95
2018-08-04,US,D,classic,0.7446,229.83,228.0,209.0,253.0,7.5,3.25,11.95
2018-08-04,US,R,classic,0.2554,205.17,207.0,182.0,226.0,-7.5,-3.25,-11.95
2018-08-05,US,D,classic,0.7364,229.36,228.0,208.0,253.0,7.46,3.19,11.92
2018-08-05,US,R,classic,0.2636,205.64,207.0,182.0,227.0,-7.46,-3.19,-11.92
2018-08-06,US,D,classic,0.7388,229.38,228.0,208.0,253.0,7.46,3.2,11.87
2018-08-06,US,R,classic,0.2612,205.62,207.0,182.0,227.0,-7.46,-3.2,-11.87
2018-08-07,US,D,classic,0.7168,228.37,227.0,208.0,251.0,7.27,3.0,11.68
2018-08-07,US,R,classic,0.2832,206.63,208.0,184.0,227.0,-7.27,-3.0,-11.68
2018-08-08,US,D,classic,0.7055,227.73,226.0,207.0,250.0,7.11,2.86,11.53
2018-08-08,US,R,classic,0.2945,207.27,209.0,185.0,228.0,-7.11,-2.86,-11.53
2018-08-09,US,D,classic,0.7228,228.63,227.0,208.0,251.0,7.31,3.1,11.72
2018-08-09,US,R,classic,0.2772,206.37,208.0,184.0,227.0,-7.31,-3.1,-11.72
2018-08-10,US,D,classic,0.7308,228.83,227.0,208.0,252.0,7.32,3.1,11.75
2018-08-10,US,R,classic,0.2692,206.17,208.0,183.0,227.0,-7.32,-3.1,-11.75
2018-08-11,US,D,classic,0.7282,228.72,227.0,208.0,251.0,7.32,3.12,11.73
2018-08-11,US,R,classic,0.2718,206.28,208.0,184.0,227.0,-7.32,-3.12,-11.73
2018-08-12,US,D,classic,0.7437,229.56,228.0,209.0,252.0,7.49,3.3,11.89
2018-08-12,US,R,classic,0.2563,205.44,207.0,183.0,226.0,-7.49,-3.3,-11.89
2018-08-13,US,D,classic,0.751,229.99,228.0,209.0,253.0,7.62,3.41,11.99
2018-08-13,US,R,classic,0.249,205.01,207.0,182.0,226.0,-7.62,-3.41,-11.99
2018-08-14,US,D,classic,0.7505,229.75,228.0,209.0,253.0,7.59,3.38,11.92
2018-08-14,US,R,classic,0.2495,205.25,207.0,182.0,226.0,-7.59,-3.38,-11.92
2018-08-15,US,D,classic,0.7524,229.8,228.0,209.0,253.0,7.59,3.39,11.94
2018-08-15,US,R,classic,0.2476,205.2,207.0,182.0,226.0,-7.59,-3.39,-11.94
2018-08-16,US,D,classic,0.7459,229.61,228.0,209.0,252.5,7.59,3.46,11.93
2018-08-16,US,R,classic,0.2541,205.39,207.0,182.5,226.0,-7.59,-3.46,-11.93
2018-08-17,US,D,classic,0.7551,229.86,228.0,209.0,253.0,7.6,3.45,11.95
2018-08-17,US,R,classic,0.2449,205.14,207.0,182.0,226.0,-7.6,-3.45,-11.95
2018-08-18,US,D,classic,0.7493,229.82,228.0,209.0,253.0,7.6,3.45,11.96
2018-08-18,US,R,classic,0.2507,205.18,207.0,182.0,226.0,-7.6,-3.45,-11.96
2018-08-19,US,D,classic,0.7534,229.69,228.0,209.0,252.0,7.58,3.42,11.89
2018-08-19,US,R,classic,0.2466,205.31,207.0,183.0,226.0,-7.58,-3.42,-11.89
2018-08-20,US,D,classic,0.7346,228.76,227.0,209.0,251.0,7.61,3.14,12.07
2018-08-20,US,R,classic,0.2654,206.24,208.0,184.0,226.0,-7.61,-3.14,-12.07
2018-08-21,US,D,classic,0.7311,228.69,227.0,209.0,251.0,7.6,3.15,12.02
2018-08-21,US,R,classic,0.2689,206.31,208.0,184.0,226.0,-7.6,-3.15,-12.02
2018-08-22,US,D,classic,0.7162,227.73,226.0,208.0,250.0,7.41,2.98,11.83
2018-08-22,US,R,classic,0.2838,207.27,209.0,185.0,227.0,-7.41,-2.98,-11.83
2018-08-23,US,D,classic,0.7204,228.08,226.0,208.0,250.0,7.53,3.06,11.95
2018-08-23,US,R,classic,0.2796,206.92,209.0,185.0,227.0,-7.53,-3.06,-11.95
2018-08-24,US,D,classic,0.7267,228.26,227.0,208.0,250.0,7.55,3.12,11.94
2018-08-24,US,R,classic,0.2733,206.74,208.0,185.0,227.0,-7.55,-3.12,-11.94
2018-08-25,US,D,classic,0.7273,228.33,227.0,208.0,250.0,7.56,3.09,11.98
2018-08-25,US,R,classic,0.2727,206.67,208.0,185.0,227.0,-7.56,-3.09,-11.98
2018-08-26,US,D,classic,0.7271,228.16,226.0,209.0,250.0,7.57,3.17,11.92
2018-08-26,US,R,classic,0.2729,206.85,209.0,185.0,226.0,-7.57,-3.17,-11.92
2018-08-27,US,D,classic,0.7153,227.71,226.0,208.0,249.0,7.53,3.13,11.92
2018-08-27,US,R,classic,0.2847,207.29,209.0,186.0,227.0,-7.53,-3.13,-11.92
2018-08-28,US,D,classic,0.7422,228.84,227.0,209.0,251.0,7.87,3.49,12.26
2018-08-28,US,R,classic,0.2578,206.16,208.0,184.0,226.0,-7.87,-3.49,-12.26
2018-08-29,US,D,classic,0.7262,227.96,226.0,209.0,249.0,7.69,3.33,12.03
2018-08-29,US,R,classic,0.2738,207.04,209.0,186.0,226.0,-7.69,-3.33,-12.03
2018-08-30,US,D,classic,0.7171,227.67,226.0,208.0,249.0,7.66,3.24,12.03
2018-08-30,US,R,classic,0.2829,207.33,209.0,186.0,227.0,-7.66,-3.24,-12.03
2018-08-31,US,D,classic,0.741,228.78,227.0,209.0,251.0,7.85,3.48,12.17
2018-08-31,US,R,classic,0.259,206.22,208.0,184.0,226.0,-7.85,-3.48,-12.17
2018-09-01,US,D,classic,0.7419,228.77,227.0,209.0,251.0,7.85,3.55,12.2
2018-09-01,US,R,classic,0.2581,206.23,208.0,184.0,226.0,-7.85,-3.55,-12.2
2018-09-02,US,D,classic,0.739,228.73,227.0,209.0,251.0,7.78,3.43,12.08
2018-09-02,US,R,classic,0.261,206.27,208.0,184.0,226.0,-7.78,-3.43,-12.08
2018-09-03,US,D,classic,0.776,230.57,229.0,210.0,253.0,8.16,3.8,12.49
2018-09-03,US,R,classic,0.224,204.43,206.0,182.0,225.0,-8.16,-3.8,-12.49
2018-09-04,US,D,classic,0.7927,231.46,230.0,211.0,254.0,8.36,4.04,12.69
2018-09-04,US,R,classic,0.2073,203.54,205.0,181.0,224.0,-8.36,-4.04,-12.69
2018-09-05,US,D,classic,0.7693,230.18,229.0,210.0,252.0,8.08,3.8,12.36
2018-09-05,US,R,classic,0.2307,204.82,206.0,183.0,225.0,-8.08,-3.8,-12.36
2018-09-06,US,D,classic,0.774,230.46,229.0,210.0,252.0,8.1,3.86,12.4
2018-09-06,US,R,classic,0.226,204.54,206.0,183.0,225.0,-8.1,-3.86,-12.4
2018-09-07,US,D,classic,0.7634,229.93,228.0,210.0,252.0,8.08,3.75,12.36
2018-09-07,US,R,classic,0.2366,205.07,207.0,183.0,225.0,-8.08,-3.75,-12.36
2018-09-08,US,D,classic,0.7794,230.76,229.0,211.0,253.0,8.22,3.96,12.5
2018-09-08,US,R,classic,0.2206,204.24,206.0,182.0,224.0,-8.22,-3.96,-12.5
2018-09-09,US,D,classic,0.7779,230.69,229.0,211.0,253.0,8.23,3.91,12.53
2018-09-09,US,R,classic,0.2221,204.31,206.0,182.0,224.0,-8.23,-3.91,-12.53
2018-09-10,US,D,classic,0.7842,231.0,230.0,211.0,253.0,8.28,3.96,12.53
2018-09-10,US,R,classic,0.2158,204.0,205.0,182.0,224.0,-8.28,-3.96,-12.53
2018-09-11,US,D,classic,0.7875,231.06,230.0,211.0,253.0,8.42,4.11,12.65
2018-09-11,US,R,classic,0.2125,203.94,205.0,182.0,224.0,-8.42,-4.11,-12.65
2018-09-12,US,D,classic,0.8283,233.74,232.0,213.0,256.0,8.94,4.73,13.12
2018-09-12,US,R,classic,0.1717,201.26,203.0,179.0,222.0,-8.94,-4.73,-13.12
2018-09-13,US,D,classic,0.8299,233.7,232.0,213.0,257.0,8.91,4.71,13.16
2018-09-13,US,R,classic,0.1701,201.3,203.0,178.0,222.0,-8.91,-4.71,-13.16
2018-09-14,US,D,classic,0.8315,233.75,232.0,213.0,256.0,8.9,4.73,13.12
2018-09-14,US,R,classic,0.1685,201.25,203.0,179.0,222.0,-8.9,-4.73,-13.12
2018-09-15,US,D,classic,0.8278,233.55,232.0,213.0,256.0,8.9,4.67,13.08
2018-09-15,US,R,classic,0.1722,201.45,203.0,179.0,222.0,-8.9,-4.67,-13.08
2018-09-16,US,D,classic,0.8306,233.69,232.0,213.0,256.0,8.92,4.73,13.09
2018-09-16,US,R,classic,0.1694,201.31,203.0,179.0,222.0,-8.92,-4.73,-13.09
2018-09-17,US,D,classic,0.8227,233.12,232.0,213.0,256.0,8.81,4.62,12.98
2018-09-17,US,R,classic,0.1773,201.88,203.0,179.0,222.0,-8.81,-4.62,-12.98
2018-09-18,US,D,classic,0.8025,232.03,230.0,212.0,254.0,8.62,4.49,12.75
2018-09-18,US,R,classic,0.1975,202.97,205.0,181.0,223.0,-8.62,-4.49,-12.75
2018-09-19,US,D,classic,0.7947,231.65,230.0,211.0,254.0,8.52,4.34,12.66
2018-09-19,US,R,classic,0.2053,203.35,205.0,181.0,224.0,-8.52,-4.34,-12.66
2018-09-20,US,D,classic,0.8005,231.85,230.0,212.0,254.0,8.6,4.41,12.71
2018-09-20,US,R,classic,0.1995,203.15,205.0,181.0,223.0,-8.6,-4.41,-12.71
2018-09-21,US,D,classic,0.8058,232.4,231.0,212.0,255.0,8.61,4.42,12.75
2018-09-21,US,R,classic,0.1942,202.6,204.0,180.0,223.0,-8.61,-4.42,-12.75
2018-09-22,US,D,classic,0.807,232.42,231.0,212.0,255.0,8.63,4.48,12.78
2018-09-22,US,R,classic,0.193,202.58,204.0,180.0,223.0,-8.63,-4.48,-12.78
2018-09-23,US,D,classic,0.8002,232.01,230.0,212.0,255.0,8.54,4.41,12.63
2018-09-23,US,R,classic,0.1998,202.99,205.0,180.0,223.0,-8.54,-4.41,-12.63
2018-09-24,US,D,classic,0.8005,231.89,230.0,212.0,254.0,8.49,4.32,12.6
2018-09-24,US,R,classic,0.1995,203.11,205.0,181.0,223.0,-8.49,-4.32,-12.6
2018-09-25,US,D,classic,0.8029,231.84,230.0,212.0,254.0,8.47,4.37,12.56
2018-09-25,US,R,classic,0.1971,203.16,205.0,181.0,223.0,-8.47,-4.37,-12.56
2018-09-26,US,D,classic,0.8038,231.95,230.0,212.0,254.0,8.52,4.43,12.61
2018-09-26,US,R,classic,0.1962,203.05,205.0,181.0,223.0,-8.52,-4.43,-12.61
2018-09-27,US,D,classic,0.8025,231.96,230.0,212.0,254.0,8.55,4.46,12.61
2018-09-27,US,R,classic,0.1975,203.04,205.0,181.0,223.0,-8.55,-4.46,-12.61
2018-09-28,US,D,classic,0.8017,231.82,230.0,212.0,254.0,8.54,4.47,12.59
2018-09-28,US,R,classic,0.1983,203.18,205.0,181.0,223.0,-8.54,-4.47,-12.59
2018-09-29,US,D,classic,0.8038,231.78,230.0,212.0,254.0,8.52,4.47,12.55
2018-09-29,US,R,classic,0.1962,203.22,205.0,181.0,223.0,-8.52,-4.47,-12.55
2018-09-30,US,D,classic,0.8073,231.88,230.0,212.0,254.0,8.57,4.52,12.65
2018-09-30,US,R,classic,0.1927,203.12,205.0,181.0,223.0,-8.57,-4.52,-12.65
2018-10-01,US,D,classic,0.7628,229.48,228.0,210.0,251.0,8.11,4.02,12.16
2018-10-01,US,R,classic,0.2372,205.52,207.0,184.0,225.0,-8.11,-4.02,-12.16
2018-10-02,US,D,classic,0.772,229.77,228.0,211.0,251.0,8.16,4.13,12.22
2018-10-02,US,R,classic,0.228,205.23,207.0,184.0,224.0,-8.16,-4.13,-12.22
2018-10-03,US,D,classic,0.7505,228.68,227.0,210.0,249.0,7.96,3.92,11.93
2018-10-03,US,R,classic,0.2495,206.32,208.0,186.0,225.0,-7.96,-3.92,-11.93
2018-10-04,US,D,classic,0.739,228.06,226.0,210.0,249.0,7.77,3.76,11.77
2018-10-04,US,R,classic,0.261,206.94,209.0,186.0,225.0,-7.77,-3.76,-11.77
2018-10-05,US,D,classic,0.7423,228.21,227.0,210.0,249.0,7.82,3.85,11.79
2018-10-05,US,R,classic,0.2577,206.79,208.0,186.0,225.0,-7.82,-3.85,-11.79
2018-10-06,US,D,classic,0.7389,228.18,227.0,210.0,249.0,7.82,3.86,11.8
2018-10-06,US,R,classic,0.2611,206.82,208.0,186.0,225.0,-7.82,-3.86,-11.8
2018-10-07,US,D,classic,0.7385,228.06,226.0,209.0,249.0,7.8,3.83,11.77
2018-10-07,US,R,classic,0.2615,206.94,209.0,186.0,226.0,-7.8,-3.83,-11.77
2018-10-08,US,D,classic,0.7383,228.12,226.0,210.0,249.0,7.8,3.86,11.77
2018-10-08,US,R,classic,0.2617,206.88,209.0,186.0,225.0,-7.8,-3.86,-11.77
2018-10-09,US,D,classic,0.7829,230.02,228.0,211.0,251.0,8.12,4.2,12.05
2018-10-09,US,R,classic,0.2171,204.98,207.0,184.0,224.0,-8.12,-4.2,-12.05
2018-10-10,US,D,classic,0.7754,229.74,228.0,211.0,251.0,8.1,4.17,12.01
2018-10-10,US,R,classic,0.2246,205.26,207.0,184.0,224.0,-8.1,-4.17,-12.01
2018-10-11,US,D,classic,0.7782,230.13,228.0,211.0,252.0,8.2,4.27,12.13
2018-10-11,US,R,classic,0.2218,204.87,207.0,183.0,224.0,-8.2,-4.27,-12.13
2018-10-12,US,D,classic,0.7863,230.49,229.0,211.0,252.0,8.29,4.37,12.17
2018-10-12,US,R,classic,0.2137,204.51,206.0,183.0,224.0,-8.29,-4.37,-12.17
2018-10-13,US,D,classic,0.7875,230.51,229.0,211.0,252.0,8.28,4.37,12.17
2018-10-13,US,R,classic,0.2125,204.49,206.0,183.0,224.0,-8.28,-4.37,-12.17
2018-10-14,US,D,classic,0.8153,231.84,230.0,213.0,253.0,8.62,4.69,12.44
2018-10-14,US,R,classic,0.1847,203.16,205.0,182.0,222.0,-8.62,-4.69,-12.44
2018-10-15,US,D,classic,0.8406,234.1,233.0,214.0,257.0,8.76,4.87,12.64
2018-10-15,US,R,classic,0.1594,200.9,202.0,178.0,221.0,-8.76,-4.87,-12.64
2018-10-16,US,D,classic,0.848,234.61,233.0,214.0,257.0,8.86,4.98,12.69
2018-10-16,US,R,classic,0.152,200.39,202.0,178.0,221.0,-8.86,-4.98,-12.69
2018-10-17,US,D,classic,0.8393,234.0,233.0,214.0,256.0,8.78,4.95,12.64
2018-10-17,US,R,classic,0.1607,201.0,202.0,179.0,221.0,-8.78,-4.95,-12.64
2018-10-18,US,D,classic,0.8441,234.13,233.0,214.0,256.0,8.84,5.0,12.63
2018-10-18,US,R,classic,0.1559,200.87,202.0,179.0,221.0,-8.84,-5.0,-12.63
2018-10-19,US,D,classic,0.8429,234.31,233.0,214.0,257.0,8.82,5.03,12.65
2018-10-19,US,R,classic,0.1571,200.69,202.0,178.0,221.0,-8.82,-5.03,-12.65
2018-10-20,US,D,classic,0.8459,234.19,233.0,214.0,256.0,8.87,5.06,12.7
2018-10-20,US,R,classic,0.1541,200.81,202.0,179.0,221.0,-8.87,-5.06,-12.7
2018-10-21,US,D,classic,0.8507,234.45,233.0,214.0,256.0,8.89,5.15,12.65
2018-10-21,US,R,classic,0.1493,200.55,202.0,179.0,221.0,-8.89,-5.15,-12.65
2018-10-22,US,D,classic,0.8647,235.22,234.0,215.0,257.0,9.01,5.25,12.82
2018-10-22,US,R,classic,0.1353,199.78,201.0,178.0,220.0,-9.01,-5.25,-12.82
2018-10-23,US,D,classic,0.8523,234.48,233.0,214.0,257.0,8.95,5.19,12.65
2018-10-23,US,R,classic,0.1477,200.52,202.0,178.0,221.0,-8.95,-5.19,-12.65
2018-10-24,US,D,classic,0.8387,233.44,232.0,214.0,255.0,8.72,4.99,12.45
2018-10-24,US,R,classic,0.1613,201.56,203.0,180.0,221.0,-8.72,-4.99,-12.45
2018-10-25,US,D,classic,0.8412,233.59,232.0,214.0,255.0,8.72,5.02,12.46
2018-10-25,US,R,classic,0.1588,201.41,203.0,180.0,221.0,-8.72,-5.02,-12.46
2018-10-26,US,D,classic,0.8479,233.83,232.0,214.0,255.0,8.75,5.07,12.43
2018-10-26,US,R,classic,0.1521,201.17,203.0,180.0,221.0,-8.75,-5.07,-12.43
2018-10-27,US,D,classic,0.8431,233.69,232.0,214.0,255.0,8.71,5.06,12.42
2018-10-27,US,R,classic,0.1569,201.31,203.0,180.0,221.0,-8.71,-5.06,-12.42
2018-10-28,US,D,classic,0.8475,233.66,232.0,214.0,255.0,8.72,5.08,12.38
2018-10-28,US,R,classic,0.1525,201.34,203.0,180.0,221.0,-8.72,-5.08,-12.38
2018-10-29,US,D,classic,0.8637,234.69,233.0,215.0,256.0,8.98,5.35,12.61
2018-10-29,US,R,classic,0.1363,200.31,202.0,179.0,220.0,-8.98,-5.35,-12.61
2018-10-30,US,D,classic,0.8613,234.25,233.0,215.0,255.0,8.98,5.39,12.57
2018-10-30,US,R,classic,0.1387,200.75,202.0,180.0,220.0,-8.98,-5.39,-12.57
2018-10-31,US,D,classic,0.8496,233.43,232.0,214.0,254.0,8.93,5.35,12.52
2018-10-31,US,R,classic,0.1504,201.57,203.0,181.0,221.0,-8.93,-5.35,-12.52
2018-11-01,US,D,classic,0.8505,233.49,232.0,214.0,254.0,9.09,5.55,12.63
2018-11-01,US,R,classic,0.1495,201.51,203.0,181.0,221.0,-9.09,-5.55,-12.63
2018-11-02,US,D,classic,0.8483,233.17,232.0,214.0,254.0,9.02,5.51,12.52
2018-11-02,US,R,classic,0.1517,201.83,203.0,181.0,221.0,-9.02,-5.51,-12.52
2018-11-03,US,D,classic,0.8593,233.65,232.0,215.0,254.0,8.89,5.68,12.62
2018-11-03,US,R,classic,0.1407,201.35,203.0,181.0,220.0,-8.89,-5.68,-12.62
2018-11-04,US,D,classic,0.8575,233.25,232.0,215.0,253.0,8.95,5.48,12.37
2018-11-04,US,R,classic,0.1425,201.75,203.0,182.0,220.0,-8.95,-5.48,-12.37
2018-11-05,US,D,classic,0.8759,234.06,233.0,216.0,254.0,9.08,5.69,12.45
2018-11-05,US,R,classic,0.1241,200.94,202.0,181.0,219.0,-9.08,-5.69,-12.45
2018-11-06,US,D,classic,0.8792,234.35,233.0,216.0,254.0,9.15,5.75,12.53
2018-11-06,US,R,classic,0.1208,200.65,202.0,181.0,219.0,-9.15,-5.75,-12.53
2018-08-01,US,D,deluxe,0.7087,227.48,226.0,208.0,249.0,7.93,3.62,12.32
2018-08-01,US,R,deluxe,0.2913,207.52,209.0,186.0,227.0,-7.93,-3.62,-12.32
2018-08-02,US,D,deluxe,0.6784,226.15,224.0,207.0,248.0,7.55,3.29,12.03
2018-08-02,US,R,deluxe,0.3216,208.85,211.0,187.0,228.0,-7.55,-3.29,-12.03
2018-08-03,US,D,deluxe,0.6806,226.15,225.0,207.0,247.0,7.56,3.32,11.98
2018-08-03,US,R,deluxe,0.3195,208.85,210.0,188.0,228.0,-7.56,-3.32,-11.98
2018-08-04,US,D,deluxe,0.6808,226.16,224.0,207.0,248.0,7.54,3.3,11.98
2018-08-04,US,R,deluxe,0.3192,208.84,211.0,187.0,228.0,-7.54,-3.3,-11.98
2018-08-05,US,D,deluxe,0.6721,225.8,224.0,207.0,247.0,7.5,3.24,11.94
2018-08-05,US,R,deluxe,0.3279,209.2,211.0,188.0,228.0,-7.5,-3.24,-11.94
2018-08-06,US,D,deluxe,0.6769,225.86,224.0,207.0,247.0,7.51,3.27,11.9
2018-08-06,US,R,deluxe,0.3231,209.14,211.0,188.0,228.0,-7.51,-3.27,-11.9
2018-08-07,US,D,deluxe,0.655,224.99,223.0,206.0,246.0,7.3,3.04,11.69
2018-08-07,US,R,deluxe,0.345,210.01,212.0,189.0,229.0,-7.3,-3.04,-11.69
2018-08-08,US,D,deluxe,0.6471,224.64,223.0,206.0,245.0,7.09,2.86,11.49
2018-08-08,US,R,deluxe,0.3529,210.36,212.0,190.0,229.0,-7.09,-2.86,-11.49
2018-08-09,US,D,deluxe,0.6621,225.4,224.0,206.0,246.0,7.33,3.11,11.72
2018-08-09,US,R,deluxe,0.3379,209.6,211.0,189.0,229.0,-7.33,-3.11,-11.72
2018-08-10,US,D,deluxe,0.6713,225.59,224.0,206.0,247.0,7.33,3.12,11.75
2018-08-10,US,R,deluxe,0.3287,209.41,211.0,188.0,229.0,-7.33,-3.12,-11.75
2018-08-11,US,D,deluxe,0.6702,225.51,224.0,207.0,246.0,7.33,3.14,11.73
2018-08-11,US,R,deluxe,0.3298,209.49,211.0,189.0,228.0,-7.33,-3.14,-11.73
2018-08-12,US,D,deluxe,0.6863,226.18,225.0,207.0,247.0,7.52,3.34,11.9
2018-08-12,US,R,deluxe,0.3137,208.82,210.0,188.0,228.0,-7.52,-3.34,-11.9
2018-08-13,US,D,deluxe,0.6935,226.56,225.0,207.0,248.0,7.67,3.47,12.02
2018-08-13,US,R,deluxe,0.3065,208.44,210.0,187.0,228.0,-7.67,-3.47,-12.02
2018-08-14,US,D,deluxe,0.6925,226.36,225.0,207.0,247.0,7.63,3.43,11.95
2018-08-14,US,R,deluxe,0.3075,208.64,210.0,188.0,228.0,-7.63,-3.43,-11.95
2018-08-15,US,D,deluxe,0.6951,226.46,225.0,207.0,248.0,7.63,3.44,11.96
2018-08-15,US,R,deluxe,0.3049,208.54,210.0,187.0,228.0,-7.63,-3.44,-11.96
2018-08-16,US,D,deluxe,0.6888,226.33,225.0,207.0,247.0,7.64,3.51,11.95
2018-08-16,US,R,deluxe,0.3112,208.67,210.0,188.0,228.0,-7.64,-3.51,-11.95
2018-08-17,US,D,deluxe,0.7058,226.87,225.0,208.0,248.0,7.61,3.47,11.95
2018-08-17,US,R,deluxe,0.2942,208.13,210.0,187.0,227.0,-7.61,-3.47,-11.95
2018-08-18,US,D,deluxe,0.6999,226.83,225.0,208.0,248.0,7.61,3.48,11.96
2018-08-18,US,R,deluxe,0.3001,208.17,210.0,187.0,227.0,-7.61,-3.48,-11.96
2018-08-19,US,D,deluxe,0.706,226.81,225.0,208.0,248.0,7.59,3.44,11.89
2018-08-19,US,R,deluxe,0.294,208.19,210.0,187.0,227.0,-7.59,-3.44,-11.89
2018-08-20,US,D,deluxe,0.6895,226.18,225.0,207.0,247.0,7.6,3.13,12.05
2018-08-20,US,R,deluxe,0.3105,208.82,210.0,188.0,228.0,-7.6,-3.13,-12.05
2018-08-21,US,D,deluxe,0.6889,226.18,225.0,208.0,247.0,7.59,3.16,12.01
2018-08-21,US,R,deluxe,0.3111,208.82,210.0,188.0,227.0,-7.59,-3.16,-12.01
2018-08-22,US,D,deluxe,0.6747,225.48,224.0,207.0,246.0,7.39,2.98,11.8
2018-08-22,US,R,deluxe,0.3253,209.52,211.0,189.0,228.0,-7.39,-2.98,-11.8
2018-08-23,US,D,deluxe,0.6815,225.87,224.0,207.0,246.0,7.51,3.06,11.92
2018-08-23,US,R,deluxe,0.3185,209.13,211.0,189.0,228.0,-7.51,-3.06,-11.92
2018-08-24,US,D,deluxe,0.6882,226.03,225.0,207.0,246.0,7.54,3.12,11.92
2018-08-24,US,R,deluxe,0.3118,208.97,210.0,189.0,228.0,-7.54,-3.12,-11.92
2018-08-25,US,D,deluxe,0.6902,226.12,225.0,208.0,247.0,7.55,3.09,11.96
2018-08-25,US,R,deluxe,0.3098,208.88,210.0,188.0,227.0,-7.55,-3.09,-11.96
2018-08-26,US,D,deluxe,0.6858,225.96,224.0,208.0,246.0,7.57,3.17,11.9
2018-08-26,US,R,deluxe,0.3142,209.04,211.0,189.0,227.0,-7.57,-3.17,-11.9
2018-08-27,US,D,deluxe,0.6779,225.59,224.0,207.0,246.0,7.51,3.12,11.89
2018-08-27,US,R,deluxe,0.3221,209.41,211.0,189.0,228.0,-7.51,-3.12,-11.89
2018-08-28,US,D,deluxe,0.7036,226.61,225.0,208.0,247.0,7.88,3.51,12.26
2018-08-28,US,R,deluxe,0.2964,208.39,210.0,188.0,227.0,-7.88,-3.51,-12.26
2018-08-29,US,D,deluxe,0.6904,225.84,224.0,208.0,246.0,7.69,3.33,12.02
2018-08-29,US,R,deluxe,0.3096,209.16,211.0,189.0,227.0,-7.69,-3.33,-12.02
2018-08-30,US,D,deluxe,0.6805,225.58,224.0,207.0,245.0,7.65,3.24,12.01
2018-08-30,US,R,deluxe,0.3195,209.42,211.0,190.0,228.0,-7.65,-3.24,-12.01
2018-08-31,US,D,deluxe,0.7,226.39,225.0,208.0,247.0,7.83,3.48,12.14
2018-08-31,US,R,deluxe,0.3,208.61,210.0,188.0,227.0,-7.83,-3.48,-12.14
2018-09-01,US,D,deluxe,0.6992,226.37,225.0,208.0,247.0,7.83,3.54,12.18
2018-09-01,US,R,deluxe,0.3008,208.63,210.0,188.0,227.0,-7.83,-3.54,-12.18
2018-09-02,US,D,deluxe,0.6971,226.33,225.0,208.0,247.0,7.76,3.43,12.06
2018-09-02,US,R,deluxe,0.3029,208.67,210.0,188.0,227.0,-7.76,-3.43,-12.06
2018-09-03,US,D,deluxe,0.7347,227.88,227.0,209.0,248.0,8.18,3.84,12.5
2018-09-03,US,R,deluxe,0.2653,207.12,208.0,187.0,226.0,-8.18,-3.84,-12.5
2018-09-04,US,D,deluxe,0.7517,228.65,227.0,210.0,249.0,8.41,4.09,12.73
2018-09-04,US,R,deluxe,0.2483,206.35,208.0,186.0,225.0,-8.41,-4.09,-12.73
2018-09-05,US,D,deluxe,0.7275,227.55,226.0,209.0,248.0,8.1,3.83,12.37
2018-09-05,US,R,deluxe,0.2725,207.45,209.0,187.0,226.0,-8.1,-3.83,-12.37
2018-09-06,US,D,deluxe,0.7333,227.78,226.0,209.0,248.0,8.11,3.88,12.4
2018-09-06,US,R,deluxe,0.2667,207.22,209.0,187.0,226.0,-8.11,-3.88,-12.4
2018-09-07,US,D,deluxe,0.7215,227.38,226.0,209.0,248.0,8.1,3.78,12.37
2018-09-07,US,R,deluxe,0.2785,207.62,209.0,187.0,226.0,-8.1,-3.78,-12.37
2018-09-08,US,D,deluxe,0.7375,228.1,227.0,209.0,249.0,8.25,4.0,12.53
2018-09-08,US,R,deluxe,0.2625,206.9,208.0,186.0,226.0,-8.25,-4.0,-12.53
2018-09-09,US,D,deluxe,0.7375,228.03,227.0,209.0,249.0,8.27,3.96,12.55
2018-09-09,US,R,deluxe,0.2625,206.97,208.0,186.0,226.0,-8.27,-3.96,-12.55
2018-09-10,US,D,deluxe,0.744,228.31,227.0,210.0,249.0,8.32,4.01,12.55
2018-09-10,US,R,deluxe,0.256,206.69,208.0,186.0,225.0,-8.32,-4.01,-12.55
2018-09-11,US,D,deluxe,0.7432,228.28,227.0,210.0,249.0,8.45,4.16,12.67
2018-09-11,US,R,deluxe,0.2568,206.72,208.0,186.0,225.0,-8.45,-4.16,-12.67
2018-09-12,US,D,deluxe,0.7814,230.19,229.0,211.0,251.0,8.93,4.73,13.1
2018-09-12,US,R,deluxe,0.2186,204.81,206.0,184.0,224.0,-8.93,-4.73,-13.1
2018-09-13,US,D,deluxe,0.7797,230.1,229.0,211.0,251.0,8.9,4.7,13.14
2018-09-13,US,R,deluxe,0.2203,204.9,206.0,184.0,224.0,-8.9,-4.7,-13.14
2018-09-14,US,D,deluxe,0.7862,230.3,229.0,211.0,251.0,8.88,4.72,13.08
2018-09-14,US,R,deluxe,0.2138,204.7,206.0,184.0,224.0,-8.88,-4.72,-13.08
2018-09-15,US,D,deluxe,0.7801,230.1,229.0,211.0,251.0,8.87,4.66,13.05
2018-09-15,US,R,deluxe,0.2199,204.9,206.0,184.0,224.0,-8.87,-4.66,-13.05
2018-09-16,US,D,deluxe,0.7843,230.25,229.0,211.0,251.0,8.89,4.72,13.06
2018-09-16,US,R,deluxe,0.2157,204.75,206.0,184.0,224.0,-8.89,-4.72,-13.06
2018-09-17,US,D,deluxe,0.7789,229.86,228.0,211.0,251.0,8.8,4.61,12.96
2018-09-17,US,R,deluxe,0.2211,205.14,207.0,184.0,224.0,-8.8,-4.61,-12.96
2018-09-18,US,D,deluxe,0.7588,228.95,227.0,210.0,250.0,8.59,4.46,12.71
2018-09-18,US,R,deluxe,0.2412,206.05,208.0,185.0,225.0,-8.59,-4.46,-12.71
2018-09-19,US,D,deluxe,0.7544,228.78,227.0,210.0,249.0,8.47,4.3,12.6
2018-09-19,US,R,deluxe,0.2456,206.22,208.0,186.0,225.0,-8.47,-4.3,-12.6
2018-09-20,US,D,deluxe,0.7578,228.91,227.0,210.0,249.0,8.54,4.37,12.65
2018-09-20,US,R,deluxe,0.2422,206.09,208.0,186.0,225.0,-8.54,-4.37,-12.65
2018-09-21,US,D,deluxe,0.7661,229.41,228.0,211.0,250.0,8.56,4.37,12.68
2018-09-21,US,R,deluxe,0.2339,205.59,207.0,185.0,224.0,-8.56,-4.37,-12.68
2018-09-22,US,D,deluxe,0.7662,229.41,228.0,211.0,250.0,8.58,4.43,12.71
2018-09-22,US,R,deluxe,0.2338,205.59,207.0,185.0,224.0,-8.58,-4.43,-12.71
2018-09-23,US,D,deluxe,0.7615,229.06,228.0,210.0,250.0,8.48,4.36,12.57
2018-09-23,US,R,deluxe,0.2385,205.94,207.0,185.0,225.0,-8.48,-4.36,-12.57
2018-09-24,US,D,deluxe,0.7605,228.97,228.0,210.0,250.0,8.43,4.28,12.53
2018-09-24,US,R,deluxe,0.2395,206.03,207.0,185.0,225.0,-8.43,-4.28,-12.53
2018-09-25,US,D,deluxe,0.7609,228.92,227.0,210.0,249.0,8.41,4.33,12.49
2018-09-25,US,R,deluxe,0.2391,206.08,208.0,186.0,225.0,-8.41,-4.33,-12.49
2018-09-26,US,D,deluxe,0.7663,229.1,228.0,211.0,249.0,8.46,4.38,12.54
2018-09-26,US,R,deluxe,0.2337,205.9,207.0,186.0,224.0,-8.46,-4.38,-12.54
2018-09-27,US,D,deluxe,0.765,229.13,228.0,211.0,250.0,8.5,4.42,12.55
2018-09-27,US,R,deluxe,0.235,205.87,207.0,185.0,224.0,-8.5,-4.42,-12.55
2018-09-28,US,D,deluxe,0.7716,229.25,228.0,211.0,249.0,8.44,4.38,12.48
2018-09-28,US,R,deluxe,0.2284,205.75,207.0,186.0,224.0,-8.44,-4.38,-12.48
2018-09-29,US,D,deluxe,0.7749,229.26,228.0,211.0,249.0,8.43,4.38,12.45
2018-09-29,US,R,deluxe,0.2251,205.74,207.0,186.0,224.0,-8.43,-4.38,-12.45
2018-09-30,US,D,deluxe,0.7788,229.36,228.0,211.0,249.0,8.49,4.43,12.55
2018-09-30,US,R,deluxe,0.2212,205.64,207.0,186.0,224.0,-8.49,-4.43,-12.55
2018-10-01,US,D,deluxe,0.7383,227.46,226.0,210.0,247.0,8.0,3.92,12.05
2018-10-01,US,R,deluxe,0.2617,207.54,209.0,188.0,225.0,-8.0,-3.92,-12.05
2018-10-02,US,D,deluxe,0.7472,227.73,226.0,210.0,247.0,8.06,4.04,12.11
2018-10-02,US,R,deluxe,0.2528,207.27,209.0,188.0,225.0,-8.06,-4.04,-12.11
2018-10-03,US,D,deluxe,0.726,226.83,226.0,210.0,246.0,7.82,3.78,11.78
2018-10-03,US,R,deluxe,0.274,208.17,209.0,189.0,225.0,-7.82,-3.78,-11.78
2018-10-04,US,D,deluxe,0.7161,226.32,225.0,209.0,245.0,7.59,3.58,11.58
2018-10-04,US,R,deluxe,0.2839,208.68,210.0,190.0,226.0,-7.59,-3.58,-11.58
2018-10-05,US,D,deluxe,0.718,226.4,225.0,209.0,245.0,7.63,3.67,11.59
2018-10-05,US,R,deluxe,0.282,208.6,210.0,190.0,226.0,-7.63,-3.67,-11.59
2018-10-06,US,D,deluxe,0.7151,226.35,225.0,209.0,245.0,7.63,3.67,11.6
2018-10-06,US,R,deluxe,0.2849,208.65,210.0,190.0,226.0,-7.63,-3.67,-11.6
2018-10-07,US,D,deluxe,0.7147,226.28,225.0,209.0,245.0,7.61,3.65,11.57
2018-10-07,US,R,deluxe,0.2853,208.72,210.0,190.0,226.0,-7.61,-3.65,-11.57
2018-10-08,US,D,deluxe,0.7145,226.31,225.0,209.0,245.0,7.6,3.67,11.57
2018-10-08,US,R,deluxe,0.2855,208.69,210.0,190.0,226.0,-7.6,-3.67,-11.57
2018-10-09,US,D,deluxe,0.7562,227.89,227.0,211.0,247.0,7.96,4.05,11.88
2018-10-09,US,R,deluxe,0.2438,207.11,208.0,188.0,224.0,-7.96,-4.05,-11.88
2018-10-10,US,D,deluxe,0.7505,227.66,226.0,210.0,247.0,7.93,4.01,11.84
2018-10-10,US,R,deluxe,0.2495,207.34,209.0,188.0,225.0,-7.93,-4.01,-11.84
2018-10-11,US,D,deluxe,0.7523,227.94,227.0,211.0,247.0,8.03,4.11,11.96
2018-10-11,US,R,deluxe,0.2477,207.06,208.0,188.0,224.0,-8.03,-4.11,-11.96
2018-10-12,US,D,deluxe,0.7599,228.3,227.0,211.0,248.0,8.12,4.21,12.0
2018-10-12,US,R,deluxe,0.2401,206.7,208.0,187.0,224.0,-8.12,-4.21,-12.0
2018-10-13,US,D,deluxe,0.7636,228.34,227.0,211.0,248.0,8.13,4.22,12.01
2018-10-13,US,R,deluxe,0.2364,206.66,208.0,187.0,224.0,-8.13,-4.22,-12.01
2018-10-14,US,D,deluxe,0.7891,229.4,228.0,212.0,249.0,8.47,4.55,12.28
2018-10-14,US,R,deluxe,0.2109,205.61,207.0,186.0,223.0,-8.47,-4.55,-12.28
2018-10-15,US,D,deluxe,0.8096,230.83,230.0,212.0,251.0,8.56,4.68,12.43
2018-10-15,US,R,deluxe,0.1904,204.17,205.0,184.0,223.0,-8.56,-4.68,-12.43
2018-10-16,US,D,deluxe,0.8189,231.25,230.0,213.0,251.0,8.67,4.79,12.5
2018-10-16,US,R,deluxe,0.1811,203.75,205.0,184.0,222.0,-8.67,-4.79,-12.5
2018-10-17,US,D,deluxe,0.8111,230.82,230.0,213.0,251.0,8.58,4.77,12.45
2018-10-17,US,R,deluxe,0.1889,204.18,205.0,184.0,222.0,-8.58,-4.77,-12.45
2018-10-18,US,D,deluxe,0.8149,230.82,230.0,213.0,250.0,8.63,4.8,12.41
2018-10-18,US,R,deluxe,0.1851,204.18,205.0,185.0,222.0,-8.63,-4.8,-12.41
2018-10-19,US,D,deluxe,0.8131,230.88,230.0,213.0,251.0,8.6,4.82,12.42
2018-10-19,US,R,deluxe,0.1869,204.12,205.0,184.0,222.0,-8.6,-4.82,-12.42
2018-10-20,US,D,deluxe,0.8169,230.88,230.0,213.0,250.0,8.67,4.86,12.48
2018-10-20,US,R,deluxe,0.1831,204.12,205.0,185.0,222.0,-8.67,-4.86,-12.48
2018-10-21,US,D,deluxe,0.8223,231.07,230.0,213.0,250.0,8.69,4.95,12.43
2018-10-21,US,R,deluxe,0.1777,203.93,205.0,185.0,222.0,-8.69,-4.95,-12.43
2018-10-22,US,D,deluxe,0.8342,231.7,231.0,214.0,251.0,8.82,5.07,12.62
2018-10-22,US,R,deluxe,0.1658,203.3,204.0,184.0,221.0,-8.82,-5.07,-12.62
2018-10-23,US,D,deluxe,0.8254,231.2,230.0,213.0,251.0,8.75,5.0,12.44
2018-10-23,US,R,deluxe,0.1746,203.8,205.0,184.0,222.0,-8.75,-5.0,-12.44
2018-10-24,US,D,deluxe,0.8113,230.35,229.0,213.0,250.0,8.51,4.78,12.23
2018-10-24,US,R,deluxe,0.1887,204.65,206.0,185.0,222.0,-8.51,-4.78,-12.23
2018-10-25,US,D,deluxe,0.8112,230.42,229.0,213.0,250.0,8.5,4.81,12.24
2018-10-25,US,R,deluxe,0.1888,204.58,206.0,185.0,222.0,-8.5,-4.81,-12.24
2018-10-26,US,D,deluxe,0.8213,230.73,230.0,213.0,250.0,8.51,4.84,12.19
2018-10-26,US,R,deluxe,0.1787,204.27,205.0,185.0,222.0,-8.51,-4.84,-12.19
2018-10-27,US,D,deluxe,0.8116,230.45,229.0,213.0,250.0,8.44,4.78,12.13
2018-10-27,US,R,deluxe,0.1884,204.55,206.0,185.0,222.0,-8.44,-4.78,-12.13
2018-10-28,US,D,deluxe,0.8166,230.4,229.0,213.0,249.0,8.44,4.8,12.09
2018-10-28,US,R,deluxe,0.1834,204.6,206.0,186.0,222.0,-8.44,-4.8,-12.09
2018-10-29,US,D,deluxe,0.8307,231.18,230.0,214.0,250.0,8.7,5.07,12.32
2018-10-29,US,R,deluxe,0.1693,203.82,205.0,185.0,221.0,-8.7,-5.07,-12.32
2018-10-30,US,D,deluxe,0.8286,230.8,230.0,214.0,249.0,8.69,5.12,12.28
2018-10-30,US,R,deluxe,0.1714,204.2,205.0,186.0,221.0,-8.69,-5.12,-12.28
2018-10-31,US,D,deluxe,0.8161,230.1,229.0,213.0,249.0,8.62,5.05,12.2
2018-10-31,US,R,deluxe,0.1839,204.9,206.0,186.0,222.0,-8.62,-5.05,-12.2
2018-11-01,US,D,deluxe,0.8168,230.12,229.0,213.0,248.0,8.76,5.23,12.3
2018-11-01,US,R,deluxe,0.1832,204.88,206.0,187.0,222.0,-8.76,-5.23,-12.3
2018-11-02,US,D,deluxe,0.8132,229.78,229.0,213.0,248.0,8.68,5.18,12.17
2018-11-02,US,R,deluxe,0.1868,205.22,206.0,187.0,222.0,-8.68,-5.18,-12.17
2018-11-03,US,D,deluxe,0.823,230.15,229.0,214.0,248.0,8.55,5.35,12.27
2018-11-03,US,R,deluxe,0.177,204.85,206.0,187.0,221.0,-8.55,-5.35,-12.27
2018-11-04,US,D,deluxe,0.8223,229.93,229.0,213.0,248.0,8.62,5.15,12.04
2018-11-04,US,R,deluxe,0.1777,205.07,206.0,187.0,222.0,-8.62,-5.15,-12.04
2018-11-05,US,D,deluxe,0.8551,231.16,230.0,215.0,248.0,8.73,5.35,12.09
2018-11-05,US,R,deluxe,0.1449,203.84,205.0,187.0,220.0,-8.73,-5.35,-12.09
2018-11-06,US,D,deluxe,0.8578,231.4,231.0,215.0,249.0,8.81,5.41,12.18
2018-11-06,US,R,deluxe,0.1422,203.6,204.0,186.0,220.0,-8.81,-5.41,-12.18
2018-08-01,US,D,lite,0.7115,231.06,229.0,205.0,260.0,7.92,3.49,12.54
2018-08-01,US,R,lite,0.2885,203.94,206.0,175.0,230.0,-7.92,-3.49,-12.54
2018-08-02,US,D,lite,0.6746,228.94,226.0,204.0,258.0,7.49,3.09,12.2
2018-08-02,US,R,lite,0.3254,206.06,209.0,177.0,231.0,-7.49,-3.09,-12.2
2018-08-03,US,D,lite,0.6769,228.94,227.0,204.0,258.0,7.51,3.11,12.15
2018-08-03,US,R,lite,0.3231,206.06,208.0,177.0,231.0,-7.51,-3.11,-12.15
2018-08-04,US,D,lite,0.6778,229.0,227.0,204.0,258.0,7.49,3.1,12.16
2018-08-04,US,R,lite,0.3222,206.0,208.0,177.0,231.0,-7.49,-3.1,-12.16
2018-08-05,US,D,lite,0.6561,227.73,225.0,203.0,256.0,7.36,2.93,12.04
2018-08-05,US,R,lite,0.3439,207.27,210.0,179.0,232.0,-7.36,-2.93,-12.04
2018-08-06,US,D,lite,0.6656,227.78,225.0,204.0,255.0,7.4,3.01,12.01
2018-08-06,US,R,lite,0.3344,207.22,210.0,180.0,231.0,-7.4,-3.01,-12.01
2018-08-07,US,D,lite,0.6408,226.51,224.0,203.0,253.0,7.16,2.76,11.79
2018-08-07,US,R,lite,0.3592,208.49,211.0,182.0,232.0,-7.16,-2.76,-11.79
2018-08-08,US,D,lite,0.6274,225.81,224.0,202.0,252.0,6.98,2.6,11.61
2018-08-08,US,R,lite,0.3726,209.19,211.0,183.0,233.0,-6.98,-2.6,-11.61
2018-08-09,US,D,lite,0.6536,227.15,225.0,203.0,254.0,7.26,2.88,11.87
2018-08-09,US,R,lite,0.3464,207.85,210.0,181.0,232.0,-7.26,-2.88,-11.87
2018-08-10,US,D,lite,0.6585,227.39,225.0,203.0,254.0,7.26,2.91,11.91
2018-08-10,US,R,lite,0.3415,207.61,210.0,181.0,232.0,-7.26,-2.91,-11.91
2018-08-11,US,D,lite,0.6577,227.22,225.0,204.0,254.0,7.26,2.92,11.87
2018-08-11,US,R,lite,0.3423,207.78,210.0,181.0,231.0,-7.26,-2.92,-11.87
2018-08-12,US,D,lite,0.6747,228.26,226.0,204.0,255.0,7.48,3.15,12.09
2018-08-12,US,R,lite,0.3253,206.74,209.0,180.0,231.0,-7.48,-3.15,-12.09
2018-08-13,US,D,lite,0.686,228.88,227.0,205.0,256.0,7.65,3.33,12.22
2018-08-13,US,R,lite,0.314,206.12,208.0,179.0,230.0,-7.65,-3.33,-12.22
2018-08-14,US,D,lite,0.6824,228.62,226.0,205.0,256.0,7.61,3.27,12.17
2018-08-14,US,R,lite,0.3176,206.38,209.0,179.0,230.0,-7.61,-3.27,-12.17
2018-08-15,US,D,lite,0.6854,228.66,226.0,205.0,256.0,7.61,3.28,12.17
2018-08-15,US,R,lite,0.3146,206.34,209.0,179.0,230.0,-7.61,-3.28,-12.17
2018-08-16,US,D,lite,0.6793,228.45,226.0,205.0,256.0,7.61,3.34,12.15
2018-08-16,US,R,lite,0.3207,206.55,209.0,179.0,230.0,-7.61,-3.34,-12.15
2018-08-17,US,D,lite,0.6868,228.7,227.0,204.0,256.0,7.47,3.17,12.01
2018-08-17,US,R,lite,0.3132,206.3,208.0,179.0,231.0,-7.47,-3.17,-12.01
2018-08-18,US,D,lite,0.6823,228.64,226.0,204.0,256.0,7.47,3.19,12.04
2018-08-18,US,R,lite,0.3177,206.36,209.0,179.0,231.0,-7.47,-3.19,-12.04
2018-08-19,US,D,lite,0.6863,228.67,227.0,204.0,256.0,7.47,3.16,12.01
2018-08-19,US,R,lite,0.3137,206.33,208.0,179.0,231.0,-7.47,-3.16,-12.01
2018-08-20,US,D,lite,0.5939,223.49,222.0,202.0,248.0,7.0,2.38,11.6
2018-08-20,US,R,lite,0.4061,211.51,213.0,187.0,233.0,-7.0,-2.38,-11.6
2018-08-21,US,D,lite,0.6049,223.62,222.0,203.0,246.0,7.11,2.51,11.7
2018-08-21,US,R,lite,0.3951,211.38,213.0,189.0,232.0,-7.11,-2.51,-11.7
2018-08-22,US,D,lite,0.5876,222.78,221.0,203.0,245.0,6.86,2.28,11.41
2018-08-22,US,R,lite,0.4124,212.22,214.0,190.0,232.0,-6.86,-2.28,-11.41
2018-08-23,US,D,lite,0.5943,223.11,221.0,203.0,246.0,7.01,2.38,11.58
2018-08-23,US,R,lite,0.4057,211.89,214.0,189.0,232.0,-7.01,-2.38,-11.58
2018-08-24,US,D,lite,0.5985,223.3,222.0,203.0,246.0,7.05,2.48,11.59
2018-08-24,US,R,lite,0.4015,211.7,213.0,189.0,232.0,-7.05,-2.48,-11.59
2018-08-25,US,D,lite,0.6015,223.33,222.0,203.0,246.0,7.04,2.43,11.63
2018-08-25,US,R,lite,0.3985,211.67,213.0,189.0,232.0,-7.04,-2.43,-11.63
2018-08-26,US,D,lite,0.5991,223.26,221.0,203.0,246.0,7.08,2.53,11.58
2018-08-26,US,R,lite,0.4009,211.74,214.0,189.0,232.0,-7.08,-2.53,-11.58
2018-08-27,US,D,lite,0.573,222.21,220.0,203.0,244.0,6.93,2.38,11.47
2018-08-27,US,R,lite,0.427,212.79,215.0,191.0,232.0,-6.93,-2.38,-11.47
2018-08-28,US,D,lite,0.6012,223.4,221.0,204.0,246.0,7.3,2.77,11.84
2018-08-28,US,R,lite,0.3988,211.6,214.0,189.0,231.0,-7.3,-2.77,-11.84
2018-08-29,US,D,lite,0.585,222.66,221.0,203.0,245.0,7.07,2.54,11.56
2018-08-29,US,R,lite,0.415,212.34,214.0,190.0,232.0,-7.07,-2.54,-11.56
2018-08-30,US,D,lite,0.5784,222.49,221.0,203.0,245.0,7.05,2.47,11.58
2018-08-30,US,R,lite,0.4216,212.51,214.0,190.0,232.0,-7.05,-2.47,-11.58
2018-08-31,US,D,lite,0.6102,223.97,222.0,203.0,247.0,7.09,2.59,11.56
2018-08-31,US,R,lite,0.3898,211.03,213.0,188.0,232.0,-7.09,-2.59,-11.56
2018-09-01,US,D,lite,0.6099,223.97,222.0,203.0,247.0,7.09,2.63,11.61
2018-09-01,US,R,lite,0.3901,211.03,213.0,188.0,232.0,-7.09,-2.63,-11.61
2018-09-02,US,D,lite,0.6088,223.92,222.0,203.0,247.0,7.02,2.53,11.5
2018-09-02,US,R,lite,0.3912,211.08,213.0,188.0,232.0,-7.02,-2.53,-11.5
2018-09-03,US,D,lite,0.6558,226.0,224.0,205.0,250.0,7.54,3.02,12.03
2018-09-03,US,R,lite,0.3442,209.0,211.0,185.0,230.0,-7.54,-3.02,-12.03
2018-09-04,US,D,lite,0.6753,227.07,225.0,205.0,251.0,7.82,3.34,12.28
2018-09-04,US,R,lite,0.3247,207.93,210.0,184.0,230.0,-7.82,-3.34,-12.28
2018-09-05,US,D,lite,0.6487,225.7,224.0,204.0,250.0,7.45,3.03,11.89
2018-09-05,US,R,lite,0.3513,209.3,211.0,185.0,231.0,-7.45,-3.03,-11.89
2018-09-06,US,D,lite,0.6637,226.63,225.0,205.0,251.0,7.61,3.2,12.05
2018-09-06,US,R,lite,0.3363,208.37,210.0,184.0,230.0,-7.61,-3.2,-12.05
2018-09-07,US,D,lite,0.627,224.57,223.0,204.0,248.0,7.36,2.86,11.82
2018-09-07,US,R,lite,0.373,210.43,212.0,187.0,231.0,-7.36,-2.86,-11.82
2018-09-08,US,D,lite,0.6532,225.82,224.0,205.0,249.0,7.63,3.2,12.08
2018-09-08,US,R,lite,0.3468,209.18,211.0,186.0,230.0,-7.63,-3.2,-12.08
2018-09-09,US,D,lite,0.6548,225.7,224.0,205.0,249.0,7.66,3.18,12.09
2018-09-09,US,R,lite,0.3452,209.3,211.0,186.0,230.0,-7.66,-3.18,-12.09
2018-09-10,US,D,lite,0.6706,226.46,225.0,205.0,250.0,7.8,3.31,12.21
2018-09-10,US,R,lite,0.3294,208.54,210.0,185.0,230.0,-7.8,-3.31,-12.21
2018-09-11,US,D,lite,0.669,226.19,224.0,206.0,249.0,8.17,3.7,12.56
2018-09-11,US,R,lite,0.331,208.81,211.0,186.0,229.0,-8.17,-3.7,-12.56
2018-09-12,US,D,lite,0.7337,229.15,227.0,209.0,252.0,9.58,5.22,13.91
2018-09-12,US,R,lite,0.2663,205.85,208.0,183.0,226.0,-9.58,-5.22,-13.91
2018-09-13,US,D,lite,0.7322,229.05,227.0,209.0,252.0,9.58,5.23,13.98
2018-09-13,US,R,lite,0.2678,205.95,208.0,183.0,226.0,-9.58,-5.23,-13.98
2018-09-14,US,D,lite,0.7395,229.45,228.0,209.0,253.0,9.62,5.28,13.99
2018-09-14,US,R,lite,0.2605,205.55,207.0,182.0,226.0,-9.62,-5.28,-13.99
2018-09-15,US,D,lite,0.7401,229.51,228.0,209.0,253.0,9.64,5.24,13.98
2018-09-15,US,R,lite,0.2599,205.49,207.0,182.0,226.0,-9.64,-5.24,-13.98
2018-09-16,US,D,lite,0.7456,229.72,228.0,209.0,253.0,9.71,5.38,14.05
2018-09-16,US,R,lite,0.2544,205.28,207.0,182.0,226.0,-9.71,-5.38,-14.05
2018-09-17,US,D,lite,0.7525,230.16,228.0,209.0,254.0,9.55,5.17,13.86
2018-09-17,US,R,lite,0.2475,204.84,207.0,181.0,226.0,-9.55,-5.17,-13.86
2018-09-18,US,D,lite,0.7341,229.37,227.0,209.0,253.0,9.39,5.09,13.65
2018-09-18,US,R,lite,0.2659,205.63,208.0,182.0,226.0,-9.39,-5.09,-13.65
2018-09-19,US,D,lite,0.7427,229.88,228.0,209.0,254.0,9.41,5.06,13.72
2018-09-19,US,R,lite,0.2573,205.12,207.0,181.0,226.0,-9.41,-5.06,-13.72
2018-09-20,US,D,lite,0.7627,231.09,229.0,210.0,255.0,9.67,5.32,13.95
2018-09-20,US,R,lite,0.2373,203.91,206.0,180.0,225.0,-9.67,-5.32,-13.95
2018-09-21,US,D,lite,0.7804,232.5,230.0,210.0,258.0,9.69,5.35,13.98
2018-09-21,US,R,lite,0.2196,202.5,205.0,177.0,225.0,-9.69,-5.35,-13.98
2018-09-22,US,D,lite,0.7817,232.58,230.0,210.0,258.0,9.72,5.4,14.03
2018-09-22,US,R,lite,0.2183,202.42,205.0,177.0,225.0,-9.72,-5.4,-14.03
2018-09-23,US,D,lite,0.7793,232.29,230.0,210.0,257.0,9.63,5.33,13.88
2018-09-23,US,R,lite,0.2207,202.71,205.0,178.0,225.0,-9.63,-5.33,-13.88
2018-09-24,US,D,lite,0.7814,232.1,230.0,210.0,257.0,9.62,5.3,13.88
2018-09-24,US,R,lite,0.2186,202.9,205.0,178.0,225.0,-9.62,-5.3,-13.88
2018-09-25,US,D,lite,0.7788,231.53,230.0,211.0,255.0,9.63,5.37,13.89
2018-09-25,US,R,lite,0.2212,203.47,205.0,180.0,224.0,-9.63,-5.37,-13.89
2018-09-26,US,D,lite,0.78,231.64,230.0,211.0,255.0,9.82,5.58,14.06
2018-09-26,US,R,lite,0.22,203.36,205.0,180.0,224.0,-9.82,-5.58,-14.06
2018-09-27,US,D,lite,0.7746,231.28,229.0,210.0,255.0,9.9,5.62,14.12
2018-09-27,US,R,lite,0.2254,203.72,206.0,180.0,225.0,-9.9,-5.62,-14.12
2018-09-28,US,D,lite,0.7772,231.34,229.0,211.0,255.0,9.96,5.73,14.17
2018-09-28,US,R,lite,0.2228,203.66,206.0,180.0,224.0,-9.96,-5.73,-14.17
2018-09-29,US,D,lite,0.7834,231.44,230.0,211.0,254.0,9.98,5.76,14.18
2018-09-29,US,R,lite,0.2166,203.56,205.0,181.0,224.0,-9.98,-5.76,-14.18
2018-09-30,US,D,lite,0.7892,231.49,230.0,211.0,255.0,10.05,5.8,14.28
2018-09-30,US,R,lite,0.2108,203.51,205.0,180.0,224.0,-10.05,-5.8,-14.28
2018-10-01,US,D,lite,0.7289,228.14,226.0,209.0,250.0,9.52,5.27,13.71
2018-10-01,US,R,lite,0.2711,206.86,209.0,185.0,226.0,-9.52,-5.27,-13.71
2018-10-02,US,D,lite,0.7381,228.63,227.0,209.0,250.0,9.6,5.42,13.81
2018-10-02,US,R,lite,0.2619,206.37,208.0,185.0,226.0,-9.6,-5.42,-13.81
2018-10-03,US,D,lite,0.7152,227.64,226.0,208.0,249.0,9.23,5.01,13.36
2018-10-03,US,R,lite,0.2848,207.36,209.0,186.0,227.0,-9.23,-5.01,-13.36
2018-10-04,US,D,lite,0.713,227.44,226.0,208.0,249.0,9.06,4.89,13.22
2018-10-04,US,R,lite,0.287,207.56,209.0,186.0,227.0,-9.06,-4.89,-13.22
2018-10-05,US,D,lite,0.7173,227.65,226.0,208.0,249.0,9.09,4.94,13.23
2018-10-05,US,R,lite,0.2827,207.35,209.0,186.0,227.0,-9.09,-4.94,-13.23
2018-10-06,US,D,lite,0.7144,227.58,226.0,208.0,249.0,9.08,4.93,13.24
2018-10-06,US,R,lite,0.2856,207.42,209.0,186.0,227.0,-9.08,-4.93,-13.24
2018-10-07,US,D,lite,0.7129,227.47,226.0,208.0,249.0,9.04,4.89,13.18
2018-10-07,US,R,lite,0.2871,207.53,209.0,186.0,227.0,-9.04,-4.89,-13.18
2018-10-08,US,D,lite,0.7197,227.78,226.0,208.0,249.0,9.09,4.99,13.25
2018-10-08,US,R,lite,0.2803,207.22,209.0,186.0,227.0,-9.09,-4.99,-13.25
2018-10-09,US,D,lite,0.7721,230.33,229.0,210.5,252.0,9.55,5.46,13.66
2018-10-09,US,R,lite,0.2279,204.67,206.0,183.0,224.5,-9.55,-5.46,-13.66
2018-10-10,US,D,lite,0.7638,229.94,228.0,210.0,252.0,9.44,5.33,13.52
2018-10-10,US,R,lite,0.2362,205.06,207.0,183.0,225.0,-9.44,-5.33,-13.52
2018-10-11,US,D,lite,0.7615,230.27,228.0,210.0,253.0,9.48,5.37,13.61
2018-10-11,US,R,lite,0.2385,204.73,207.0,182.0,225.0,-9.48,-5.37,-13.61
2018-10-12,US,D,lite,0.7639,230.39,229.0,210.0,253.0,9.54,5.4,13.63
2018-10-12,US,R,lite,0.2361,204.61,206.0,182.0,225.0,-9.54,-5.4,-13.63
2018-10-13,US,D,lite,0.7568,230.0,228.0,210.0,253.0,9.51,5.37,13.61
2018-10-13,US,R,lite,0.2432,205.0,207.0,182.0,225.0,-9.51,-5.37,-13.61
2018-10-14,US,D,lite,0.7877,231.51,230.0,211.0,255.0,9.88,5.74,13.9
2018-10-14,US,R,lite,0.2123,203.49,205.0,180.0,224.0,-9.88,-5.74,-13.9
2018-10-15,US,D,lite,0.7689,231.2,229.0,210.0,255.0,9.62,5.52,13.68
2018-10-15,US,R,lite,0.2311,203.8,206.0,180.0,225.0,-9.62,-5.52,-13.68
2018-10-16,US,D,lite,0.7722,231.39,230.0,210.0,255.0,9.67,5.55,13.73
2018-10-16,US,R,lite,0.2278,203.61,205.0,180.0,225.0,-9.67,-5.55,-13.73
2018-10-17,US,D,lite,0.7711,231.24,229.0,210.0,255.0,9.81,5.72,13.9
2018-10-17,US,R,lite,0.2289,203.76,206.0,180.0,225.0,-9.81,-5.72,-13.9
2018-10-18,US,D,lite,0.7729,231.22,229.0,210.0,255.0,9.79,5.69,13.83
2018-10-18,US,R,lite,0.2271,203.78,206.0,180.0,225.0,-9.79,-5.69,-13.83
2018-10-19,US,D,lite,0.7693,231.29,230.0,210.0,255.0,9.73,5.67,13.84
2018-10-19,US,R,lite,0.2307,203.71,205.0,180.0,225.0,-9.73,-5.67,-13.84
2018-10-20,US,D,lite,0.7695,230.96,229.0,210.0,254.0,9.8,5.72,13.89
2018-10-20,US,R,lite,0.2305,204.04,206.0,181.0,225.0,-9.8,-5.72,-13.89
2018-10-21,US,D,lite,0.7739,231.22,229.0,210.0,255.0,9.8,5.77,13.84
2018-10-21,US,R,lite,0.2261,203.78,206.0,180.0,225.0,-9.8,-5.77,-13.84
2018-10-22,US,D,lite,0.7932,232.22,230.0,211.0,256.0,10.13,6.09,14.24
2018-10-22,US,R,lite,0.2068,202.78,205.0,179.0,224.0,-10.13,-6.09,-14.24
2018-10-23,US,D,lite,0.7775,231.33,230.0,210.0,255.0,9.91,5.84,13.92
2018-10-23,US,R,lite,0.2225,203.67,205.0,180.0,225.0,-9.91,-5.84,-13.92
2018-10-24,US,D,lite,0.7665,230.84,229.0,210.0,254.0,9.77,5.69,13.81
2018-10-24,US,R,lite,0.2335,204.16,206.0,181.0,225.0,-9.77,-5.69,-13.81
2018-10-25,US,D,lite,0.7689,230.95,229.0,210.0,254.0,9.76,5.71,13.83
2018-10-25,US,R,lite,0.2311,204.05,206.0,181.0,225.0,-9.76,-5.71,-13.83
2018-10-26,US,D,lite,0.7712,230.88,229.0,210.0,254.0,9.75,5.74,13.76
2018-10-26,US,R,lite,0.2288,204.12,206.0,181.0,225.0,-9.75,-5.74,-13.76
2018-10-27,US,D,lite,0.7645,230.83,229.0,210.0,254.0,9.72,5.7,13.77
2018-10-27,US,R,lite,0.2355,204.17,206.0,181.0,225.0,-9.72,-5.7,-13.77
2018-10-28,US,D,lite,0.7699,230.86,229.0,210.0,254.0,9.68,5.68,13.69
2018-10-28,US,R,lite,0.2301,204.14,206.0,181.0,225.0,-9.68,-5.68,-13.69
2018-10-29,US,D,lite,0.7855,231.94,230.0,211.0,256.0,9.86,5.86,13.88
2018-10-29,US,R,lite,0.2145,203.06,205.0,179.0,224.0,-9.86,-5.86,-13.88
2018-10-30,US,D,lite,0.7889,232.21,230.0,211.0,256.0,9.9,5.93,13.88
2018-10-30,US,R,lite,0.2111,202.79,205.0,179.0,224.0,-9.9,-5.93,-13.88
2018-10-31,US,D,lite,0.7704,231.38,229.0,210.0,255.0,9.84,5.85,13.84
2018-10-31,US,R,lite,0.2296,203.62,206.0,180.0,225.0,-9.84,-5.85,-13.84
2018-11-01,US,D,lite,0.7702,231.4,230.0,210.0,256.0,9.92,5.96,13.89
2018-11-01,US,R,lite,0.2298,203.6,205.0,179.0,225.0,-9.92,-5.96,-13.89
2018-11-02,US,D,lite,0.7711,231.46,230.0,210.0,255.0,9.97,6.0,13.9
2018-11-02,US,R,lite,0.2289,203.54,205.0,180.0,225.0,-9.97,-6.0,-13.9
2018-11-03,US,D,lite,0.7845,232.0,230.0,210.0,256.0,10.03,6.07,13.94
2018-11-03,US,R,lite,0.2155,203.0,205.0,179.0,225.0,-10.03,-6.07,-13.94
2018-11-04,US,D,lite,0.7816,231.63,230.0,211.0,255.0,9.93,5.95,13.83
2018-11-04,US,R,lite,0.2184,203.37,205.0,180.0,224.0,-9.93,-5.95,-13.83
2018-11-05,US,D,lite,0.8047,232.68,231.0,212.0,256.0,10.15,6.24,14.04
2018-11-05,US,R,lite,0.1953,202.32,204.0,179.0,223.0,-10.15,-6.24,-14.04
2018-11-06,US,D,lite,0.8046,232.85,231.0,212.0,256.0,10.21,6.27,14.1
2018-11-06,US,R,lite,0.1954,202.15,204.0,179.0,223.0,-10.21,-6.27,-14.1
