date,season,neutral,playoff,team1,team2,elo1_pre,elo2_pre,elo_prob1,elo_prob2,elo1_post,elo2_post,qbelo1_pre,qbelo2_pre,qb1,qb2,qb1_value_pre,qb2_value_pre,qb1_adj,qb2_adj,qbelo_prob1,qbelo_prob2,qb1_game_value,qb2_game_value,qb1_value_post,qb2_value_post,qbelo1_post,qbelo2_post,score1,score2
9/5/2019,2019,0,,CHI,GB,1588.897931,1455.13137,0.758448519,0.241551481,1554.222031,1489.807271,1560.45369,1519.195907,Mitchell Trubisky,Aaron Rodgers,174.9582689,191.5021665,5.972961817,2.878459529,0.640181642,0.359818358,-36.62708336,74.72930727,153.7997337,179.8248805,1532.560287,1547.08931,3,10
9/8/2019,2019,0,,CAR,LAR,1519.378772,1598.015666,0.480385004,0.519614996,1506.141723,1611.252716,1513.588466,1590.227021,Cam Newton,Jared Goff,177.316184,154.3240457,1.455571531,-2.025650298,0.475029617,0.524970383,49.37575729,64.1642284,164.5221413,145.308064,1500.520997,1603.294491,27,30
9/8/2019,2019,0,,CLE,TEN,1455.886401,1518.907204,0.502848264,0.497151736,1421.319814,1553.473791,1508.718318,1502.788081,Baker Mayfield,Marcus Mariota,172.0030933,129.5163322,7.658327563,-0.985090702,0.601345066,0.398654934,-11.00848604,197.9325311,153.7019354,136.3579521,1466.032539,1545.473861,13,43
9/8/2019,2019,0,,NYJ,BUF,1384.966442,1448.423682,0.502220197,0.497779803,1377.999306,1455.390818,1451.591031,1462.674073,Sam Darnold,Josh Allen,115.4844142,151.0071701,-0.072717332,12.82243459,0.546113784,0.453886216,112.0627415,182.0050721,115.1422469,154.1069603,1443.908065,1470.357039,16,17
9/8/2019,2019,0,,JAX,KC,1455.249073,1602.077427,0.384369676,0.615630324,1435.177771,1622.148729,1483.650361,1607.646375,Nick Foles,Patrick Mahomes,171.8371046,221.8118106,14.39234982,6.970182024,0.415644819,0.584355181,88.35474029,433.1874805,163.4888682,242.9493776,1461.728341,1629.568396,26,40
9/8/2019,2019,0,,PHI,WSH,1581.513559,1441.021792,0.765469854,0.234530146,1589.200034,1433.335317,1583.233048,1423.636541,Carson Wentz,Case Keenum,183.5091928,139.224134,2.60080341,3.412303396,0.77438955,0.22561045,355.544272,364.2890062,200.7127007,161.7306212,1590.600395,1416.269194,32,27
9/8/2019,2019,0,,MIA,BAL,1415.178762,1570.539249,0.372815575,0.627184425,1387.160301,1598.55771,1375.955966,1536.472498,Ryan Fitzpatrick,Lamar Jackson,160.8118636,122.9044873,12.77091651,-9.249038326,0.387249692,0.612750308,21.07686283,422.4797822,146.8383635,152.8620168,1346.716851,1565.711613,10,59
9/8/2019,2019,0,,MIN,ATL,1538.423954,1520.315825,0.617372078,0.382627922,1559.316056,1499.423723,1539.692552,1522.498529,Kirk Cousins,Matt Ryan,175.3251527,230.5382794,0.3678196,10.92020723,0.592844833,0.407155167,127.8615809,210.6226858,170.5787955,228.54672,1562.09892,1500.092161,28,12
9/8/2019,2019,0,,SEA,CIN,1565.411649,1428.533515,0.761714804,0.238285196,1568.437337,1425.507827,1543.856709,1414.958485,Russell Wilson,Andy Dalton,177.2046469,123.092296,1.428019209,-1.222174606,0.753839702,0.246160298,111.4373283,295.6505811,170.627915,140.3481245,1546.992124,1411.82307,21,20
9/8/2019,2019,0,,LAC,IND,1585.751918,1561.074565,0.626264467,0.373735533,1599.72736,1547.099123,1582.690447,1506.974999,Philip Rivers,Jacoby Brissett,167.6220481,108.2060528,-2.392167948,-27.58756673,0.718804742,0.281195258,244.6214025,218.1742412,175.3219835,119.2028716,1592.878992,1496.786454,30,24
9/8/2019,2019,0,,DAL,NYG,1546.637605,1442.725536,0.725584874,0.274415126,1561.645312,1427.717829,1542.741752,1424.967583,Dak Prescott,Eli Manning,181.3818319,135.9538942,4.648537298,-1.390758015,0.742930299,0.257069701,503.5736794,262.3831966,213.6010166,148.5968244,1556.709761,1410.999574,35,17
9/8/2019,2019,0,,TB,SF,1444.772669,1422.631825,0.622840671,0.377159329,1409.647711,1457.756782,1443.868453,1478.889255,Jameis Winston,Jimmy Garoppolo,170.5803636,141.9567721,2.151259752,0.619198447,0.545569286,0.454430714,-75.78212157,68.89315866,145.9441151,134.6504108,1413.887149,1508.87056,17,31
9/8/2019,2019,0,,ARI,DET,1383.740422,1490.519409,0.440163339,0.559836661,1385.565349,1488.694482,1383.755106,1463.420036,Kyler Murray,Matthew Stafford,112.90158,141.2385687,5.70833282,-4.964783411,0.489629651,0.510370349,75.8205855,328.5019841,109.1934805,159.9649102,1384.071386,1463.103756,27,27
9/8/2019,2019,0,,NE,PIT,1640.856488,1572.19322,0.683397064,0.316602936,1661.355272,1551.694436,1635.077314,1557.331385,Tom Brady,Ben Roethlisberger,215.6595198,250.0246905,5.38361758,11.7444047,0.676629408,0.323370592,348.1398712,116.7115697,228.9075549,236.6933784,1656.062865,1536.345834,33,3
9/9/2019,2019,0,,NO,HOU,1610.936603,1515.388531,0.715894873,0.284105127,1616.754464,1509.57067,1596.198502,1526.880883,Drew Brees,Deshaun Watson,224.3812275,191.7595376,7.67901526,5.778882857,0.675670166,0.324329834,319.01734,225.139562,233.8448388,195.0975401,1602.934385,1520.145,30,28
9/9/2019,2019,0,,OAK,DEN,1405.440618,1449.164195,0.530581016,0.469418984,1425.871408,1428.733404,1416.513913,1459.852719,Derek Carr,Joe Flacco,137.0900667,146.8849846,-3.553793322,2.159314295,0.513941852,0.486058148,294.574405,151.0267941,152.8385006,147.2991656,1437.779822,1438.586811,24,16
9/12/2019,2019,0,,CAR,TB,1506.141723,1409.647711,0.717001079,0.282998921,1476.026695,1439.76274,1500.520997,1413.887149,Cam Newton,Jameis Winston,164.5221413,145.9441151,-5.014228382,-10.27442749,0.702107007,0.297892993,55.18479174,111.082308,153.5884064,142.4579344,1471.212077,1443.196069,14,20
9/15/2019,2019,0,,DET,LAC,1488.694482,1599.72736,0.434138302,0.565861698,1504.718793,1583.703049,1463.103756,1592.878992,Matthew Stafford,Philip Rivers,159.9649102,175.3219835,4.646626529,1.577408172,0.409145637,0.590854363,196.0118201,139.3158472,163.5696012,171.7213699,1479.975307,1576.007441,13,10
9/15/2019,2019,0,,PIT,SEA,1551.694436,1568.437337,0.569004376,0.430995624,1538.911743,1581.22003,1536.345834,1546.992124,Ben Roethlisberger,Russell Wilson,236.6933784,170.627915,4.491528426,-1.931747679,0.584538185,0.415461815,28.71434307,322.4491687,215.8954749,185.8100404,1523.146355,1560.191603,26,28
9/15/2019,2019,0,,NYG,BUF,1427.717829,1455.390818,0.553512159,0.446487841,1397.221631,1485.887015,1410.999574,1470.357039,Eli Manning,Josh Allen,148.5968244,154.1069603,5.000245003,13.73120796,0.482772295,0.517227705,79.36589547,195.5512865,141.6737315,158.2513929,1384.993706,1496.362907,14,28
9/15/2019,2019,0,,TEN,IND,1553.473791,1547.099123,0.601295419,0.398704581,1539.818977,1560.753937,1545.473861,1496.786454,Marcus Mariota,Jacoby Brissett,136.3579521,119.2028716,2.484973779,-20.70977897,0.67615702,0.32384298,101.3466234,125.1382293,132.8568192,119.7964074,1529.700259,1512.560056,17,19
9/15/2019,2019,0,,BAL,ARI,1598.55771,1385.565349,0.832053696,0.167946304,1604.360622,1379.762438,1565.711613,1384.071386,Lamar Jackson,Kyler Murray,152.8620168,109.1934805,6.192178336,3.568866454,0.805901795,0.194098205,402.7931759,184.6593107,177.8551327,116.7400636,1572.502227,1377.280773,23,17
9/15/2019,2019,0,,CIN,SF,1425.507827,1457.756782,0.546993431,0.453006569,1389.7616,1493.503009,1411.82307,1508.87056,Andy Dalton,Jimmy Garoppolo,140.3481245,134.6504108,7.466848381,-3.064942149,0.466439441,0.533560559,135.8732755,277.1017529,139.9006396,148.895545,1382.110291,1538.583339,17,41
9/15/2019,2019,0,,GB,MIN,1489.807271,1559.316056,0.4935117,0.5064883,1507.994649,1541.128678,1547.08931,1562.09892,Aaron Rodgers,Kirk Cousins,179.8248805,170.5787955,-3.104106407,-2.023749966,0.557225547,0.442774453,200.0578425,17.97056182,181.8481767,155.3179721,1562.6733,1546.514929,21,16
9/15/2019,2019,0,,WSH,DAL,1433.335317,1561.645312,0.4098848,0.5901152,1414.227959,1580.752671,1416.269194,1556.709761,Case Keenum,Dak Prescott,161.7306212,213.6010166,14.49493184,20.52570281,0.377841001,0.622158999,226.4603278,428.4833494,168.2035919,235.0892499,1398.835285,1574.143669,21,31
9/15/2019,2019,0,,HOU,JAX,1509.57067,1435.177771,0.690489773,0.309510227,1513.60573,1431.142712,1520.145,1461.728341,Deshaun Watson,Gardner Minshew,195.0975401,32.64624,7.158939934,-121.344014,0.804020444,0.195979556,24.07439748,189.182764,177.9952258,48.2998924,1522.589391,1459.283951,13,12
9/15/2019,2019,0,,MIA,NE,1387.160301,1661.355272,0.23072481,0.76927519,1371.214442,1677.301131,1346.716851,1656.062865,Ryan Fitzpatrick,Tom Brady,146.8383635,228.9075549,5.145620647,11.73845427,0.186361077,0.813638923,-186.1577178,256.1220841,113.5387554,231.6290079,1334.082673,1668.697043,0,43
9/15/2019,2019,0,,OAK,KC,1425.871408,1622.148729,0.319582091,0.680417909,1408.111377,1639.90876,1437.779822,1629.568396,Derek Carr,Patrick Mahomes,152.8385006,242.9493776,4.498113257,17.19045642,0.306070277,0.693929723,31.10329429,418.6617454,140.6649799,260.5206144,1420.849982,1646.498235,10,28
9/15/2019,2019,0,,DEN,CHI,1428.733404,1554.222031,0.413818857,0.586181143,1419.884182,1563.071253,1438.586811,1532.560287,Joe Flacco,Mitchell Trubisky,147.2991656,153.7997337,2.258439055,-4.904953888,0.459613156,0.540386844,227.7091329,93.69197577,155.3401623,147.7889579,1428.615551,1542.531547,14,16
9/15/2019,2019,0,,LAR,NO,1611.252716,1616.754464,0.584797545,0.415202455,1635.059632,1592.947548,1603.294491,1602.934385,Jared Goff,Drew Brees,145.308064,233.8448388,-6.432358647,12.02687012,0.55632177,0.44367823,201.9688749,-12.85673956,150.974145,209.1746809,1628.96358,1577.265296,27,9
9/15/2019,2019,0,,ATL,PHI,1499.423723,1589.200034,0.464404341,0.535595659,1516.860251,1571.763505,1500.092161,1590.600395,Matt Ryan,Carson Wentz,228.54672,200.7127007,9.378417188,11.0725172,0.450447631,0.549552369,151.3408469,48.17479291,220.8261327,185.4589099,1518.063772,1572.628784,24,20
9/16/2019,2019,0,,NYJ,CLE,1377.999306,1421.319814,0.531158868,0.468841132,1345.334919,1453.984201,1443.908065,1466.032539,Trevor Siemian,Baker Mayfield,78.84259025,153.7019354,-36.5398218,-1.875167783,0.500308626,0.499691374,-38.70780441,83.44110955,67.08755078,146.6758528,1413.441078,1496.499526,3,23
9/19/2019,2019,0,,JAX,TEN,1431.142712,1539.818977,0.437473825,0.562526175,1461.434874,1509.526814,1459.283951,1529.700259,Gardner Minshew,Marcus Mariota,48.2998924,132.8568192,-107.4499871,0.610158656,0.331979879,0.668020121,272.6276088,-2.243031379,70.73266405,119.3468342,1496.603379,1492.38083,20,7
9/22/2019,2019,0,,BUF,CIN,1485.887015,1389.7616,0.716570343,0.283429657,1494.387685,1381.26093,1496.362907,1382.110291,Josh Allen,Andy Dalton,158.2513929,139.9006396,15.11686387,6.869763513,0.73707352,0.26292648,185.0029563,122.2238917,160.9265492,138.1329648,1504.189161,1374.284037,21,17
9/22/2019,2019,0,,PHI,DET,1571.763505,1504.718793,0.681377716,0.318622284,1551.665409,1524.816889,1572.628784,1479.975307,Carson Wentz,Matthew Stafford,185.4589099,163.5696012,2.891995949,6.216640697,0.69868388,0.30131612,192.3763459,132.5200956,186.1506535,160.4646507,1551.879159,1500.724932,24,27
9/22/2019,2019,0,,MIN,OAK,1541.128678,1408.111377,0.757657462,0.242342538,1554.666512,1394.573542,1546.514929,1420.849982,Kirk Cousins,Derek Carr,155.3179721,140.6649799,-9.552974151,-1.81355272,0.737240045,0.262759955,173.6249492,181.4412414,157.1486698,144.7426061,1561.309298,1406.055613,34,14
9/22/2019,2019,0,,KC,BAL,1639.90876,1604.360622,0.64079161,0.35920839,1652.218462,1592.05092,1646.498235,1572.502227,Patrick Mahomes,Lamar Jackson,260.5206144,177.8551327,25.11655198,18.37912737,0.690694603,0.309305397,416.9526362,176.3644206,276.1638166,177.7060615,1656.921069,1562.079393,33,28
9/22/2019,2019,0,,NE,NYJ,1677.301131,1345.334919,0.907637264,0.092362736,1681.734792,1340.901259,1668.697043,1413.441078,Tom Brady,Luke Falk,231.6290079,23.12442,12.51225802,-84.55348122,0.912827572,0.087172428,261.0653451,-99.66354089,234.5726416,10.84562391,1672.863845,1409.274276,30,14
9/22/2019,2019,0,,GB,DEN,1507.994649,1419.884182,0.70710701,0.29289299,1521.603749,1406.275082,1562.6733,1428.615551,Aaron Rodgers,Joe Flacco,181.8481767,155.3401623,-1.937252987,6.16601547,0.743268443,0.256731557,189.953668,-21.57167525,182.6587259,137.6489785,1574.444327,1416.844524,27,16
9/22/2019,2019,0,,IND,ATL,1560.753937,1516.860251,0.651773152,0.348226848,1569.953484,1507.660704,1512.560056,1518.063772,Jacoby Brissett,Matt Ryan,119.7964074,220.8261327,-19.37752214,5.049202674,0.538457042,0.461542958,318.6423443,368.8255833,139.6810011,235.6260778,1525.202872,1505.420956,27,24
9/22/2019,2019,0,,DAL,MIA,1580.752671,1371.214442,0.829256783,0.170743217,1590.644257,1361.322856,1574.143669,1334.082673,Dak Prescott,Josh Rosen,235.0892499,51.45360845,30.24353431,-73.84661135,0.91079912,0.08920088,195.4322709,-9.956397622,231.123552,45.31260785,1579.055099,1329.171243,31,6
9/22/2019,2019,0,,ARI,CAR,1379.762438,1476.026695,0.455128168,0.544871832,1353.336042,1502.453091,1377.280773,1471.212077,Kyler Murray,Kyle Allen,116.7400636,29.65161206,7.163714639,-134.1671788,0.652640409,0.347359591,47.08448361,284.2798081,109.7745056,55.11443167,1336.833332,1511.659517,20,38
9/22/2019,2019,0,,TB,NYG,1439.76274,1397.221631,0.650003908,0.349996092,1430.288657,1406.695714,1443.196069,1384.993706,Jameis Winston,Daniel Jones,142.4579344,110.63448,-11.50379647,-29.75056525,0.685659658,0.314340342,199.9300132,321.6718432,148.2051422,131.7382163,1433.067027,1395.122748,31,32
9/22/2019,2019,0,,SEA,NO,1581.22003,1592.947548,0.576070054,0.423929946,1558.244061,1615.923517,1560.191603,1577.265296,Russell Wilson,Teddy Bridgewater,185.8100404,118.0959036,5.755902389,-91.98832964,0.696216803,0.303783197,542.9567222,237.1249169,221.5247085,129.9988049,1531.197336,1606.259562,27,33
9/22/2019,2019,0,,SF,PIT,1493.503009,1538.911743,0.528164254,0.471835746,1508.55676,1523.857992,1538.583339,1523.146355,Jimmy Garoppolo,Mason Rudolph,148.895545,78.89508,4.210872065,-143.1323946,0.786794028,0.213205972,121.4930012,80.20590277,146.1552906,79.02616228,1544.804736,1516.924959,24,20
9/22/2019,2019,0,,LAC,HOU,1583.703049,1513.60573,0.685180465,0.314819535,1553.342839,1543.96594,1576.007441,1522.589391,Philip Rivers,Deshaun Watson,171.7213699,177.9952258,-0.301769052,-1.750164192,0.659790402,0.340209598,192.5599168,363.7175201,173.8052246,196.5674552,1547.053171,1551.54366,20,27
9/22/2019,2019,0,,CLE,LAR,1453.984201,1635.059632,0.338903617,0.661096383,1440.595979,1648.447853,1496.499526,1628.96358,Baker Mayfield,Jared Goff,146.6758528,150.974145,-5.294450687,-3.277700165,0.390259515,0.609740485,9.862388434,139.0838768,132.9945064,149.7851182,1480.821501,1644.641604,13,20
9/23/2019,2019,0,,WSH,CHI,1414.227959,1563.071253,0.381628733,0.618371267,1393.397122,1583.90209,1398.835285,1542.531547,Case Keenum,Mitchell Trubisky,168.2035919,147.7889579,17.00667057,-7.665094089,0.412243318,0.587756682,129.8299673,199.455473,164.3662294,152.9556094,1376.112247,1565.254586,15,31
9/26/2019,2019,0,,GB,PHI,1521.603749,1551.665409,0.55011151,0.44988849,,,,,Aaron Rodgers,Carson Wentz,182.6587259,186.1506535,-1.435115775,3.093267949,0.607614128,0.392385872,,,,,,,,
9/29/2019,2019,0,,HOU,CAR,1543.96594,1502.453091,0.648656118,0.351343882,,,,,Deshaun Watson,,196.5674552,68.90078813,7.623458734,-100.9410536,0.767201989,0.232798011,,,,,,,,
9/29/2019,2019,0,,NYG,WSH,1406.695714,1393.397122,0.610811103,0.389188897,,,,,Daniel Jones,Case Keenum,131.7382163,164.3662294,-17.71116882,14.23765582,0.561361239,0.438638761,,,,,,,,
9/29/2019,2019,0,,IND,OAK,1569.953484,1394.573542,0.799590697,0.200409303,,,,,Jacoby Brissett,Derek Carr,139.6810011,144.7426061,-8.466349187,0.31593799,0.73036774,0.26963226,,,,,,,,
9/29/2019,2019,0,,BUF,NE,1494.387685,1681.734792,0.330862529,0.669137471,,,,,Josh Allen,Tom Brady,160.9265492,234.5726416,15.69859885,13.35846198,0.347060255,0.652939745,,,,,,,,
9/29/2019,2019,0,,MIA,LAC,1361.322856,1553.342839,0.324934566,0.675065434,,,,,Josh Rosen,Philip Rivers,45.31260785,173.8052246,-73.22478108,0.755246747,0.212247971,0.787752029,,,,,,,,
9/29/2019,2019,0,,DET,KC,1524.816889,1652.218462,0.411150253,0.588849747,,,,,Matthew Stafford,Patrick Mahomes,160.4646507,276.1638166,4.353333381,31.68232547,0.326272891,0.673727109,,,,,,,,
9/29/2019,2019,0,,ATL,TEN,1507.660704,1509.526814,0.589869974,0.410130026,,,,,Matt Ryan,Marcus Mariota,235.6260778,119.3468342,12.19671507,-6.175341808,0.623013027,0.376986973,,,,,,,,
9/29/2019,2019,0,,BAL,CLE,1592.05092,1440.595979,0.776609242,0.223390758,,,,,Lamar Jackson,Baker Mayfield,177.7060615,132.9945064,17.3856354,-11.87040137,0.723097911,0.276902089,,,,,,,,
9/29/2019,2019,0,,ARI,SEA,1353.336042,1558.244061,0.308876866,0.691123134,,,,,Kyler Murray,Russell Wilson,109.7745056,221.5247085,3.322749909,23.32544136,0.290710706,0.709289294,,,,,,,,
9/29/2019,2019,0,,LAR,TB,1648.447853,1430.288657,0.836169003,0.163830997,,,,,Jared Goff,Jameis Winston,149.7851182,148.2051422,-3.708328568,-8.055002708,0.82911208,0.17088792,,,,,,,,
9/29/2019,2019,0,,DEN,JAX,1406.275082,1461.434874,0.514157413,0.485842587,,,,,Joe Flacco,Gardner Minshew,137.6489785,70.73266405,-2.987877181,-90.86110196,0.598005334,0.401994666,,,,,,,,
9/29/2019,2019,0,,CHI,MIN,1583.90209,1554.666512,0.632385325,0.367614675,,,,,Mitchell Trubisky,Kirk Cousins,152.9556094,157.1486698,-4.698513632,-8.159976591,0.590838701,0.409161299,,,,,,,,
9/29/2019,2019,0,,NO,DAL,1615.923517,1590.644257,0.627075088,0.372924912,,,,,Teddy Bridgewater,Dak Prescott,129.9988049,231.123552,-81.43746249,26.74850865,0.465296163,0.534703837,,,,,,,,
9/30/2019,2019,0,,PIT,CIN,1523.857992,1381.26093,0.767638532,0.232361468,,,,,Mason Rudolph,Andy Dalton,79.02616228,138.1329648,-135.9102337,5.642437943,0.581463385,0.418536615,,,,,,,,
10/3/2019,2019,0,,SEA,LAR,1558.244061,1648.447853,0.463792318,0.536207682,,,,,Russell Wilson,Jared Goff,221.5247085,149.7851182,23.32544136,-3.708328568,0.46476965,0.53523035,,,,,,,,
10/6/2019,2019,1,,OAK,CHI,1394.573542,1583.90209,0.251644129,0.748355871,,,,,Derek Carr,Mitchell Trubisky,144.7426061,152.9556094,0.31593799,-4.698513632,0.291614141,0.708385859,,,,,,,,
10/6/2019,2019,0,,NYG,MIN,1406.695714,1554.666512,0.382814684,0.617185316,,,,,Daniel Jones,Kirk Cousins,131.7382163,157.1486698,-17.71116882,-8.159976591,0.338106586,0.661893414,,,,,,,,
10/6/2019,2019,0,,CIN,ARI,1381.26093,1353.336042,0.630629578,0.369370422,,,,,Andy Dalton,Kyler Murray,138.1329648,109.7745056,5.642437943,3.322749909,0.641546891,0.358453109,,,,,,,,
10/6/2019,2019,0,,WSH,NE,1393.397122,1681.734792,0.216592553,0.783407447,,,,,Case Keenum,Tom Brady,164.3662294,234.5726416,14.23765582,13.35846198,0.201313007,0.798686993,,,,,,,,
10/6/2019,2019,0,,PHI,NYJ,1551.665409,1340.901259,0.830253659,0.169746341,,,,,Carson Wentz,Sam Darnold,186.1506535,115.1422469,3.093267949,17.83141783,0.741662976,0.258337024,,,,,,,,
10/6/2019,2019,0,,NO,TB,1615.923517,1430.288657,0.808883271,0.191116729,,,,,Teddy Bridgewater,Jameis Winston,129.9988049,148.2051422,-81.43746249,-8.055002708,0.711396121,0.288603879,,,,,,,,
10/6/2019,2019,0,,PIT,BAL,1523.857992,1592.05092,0.495405136,0.504594864,,,,,Mason Rudolph,Lamar Jackson,79.02616228,177.7060615,-135.9102337,17.3856354,0.30550473,0.69449527,,,,,,,,
10/6/2019,2019,0,,TEN,BUF,1509.526814,1494.387685,0.613326775,0.386673225,,,,,Marcus Mariota,Josh Allen,119.3468342,160.9265492,-6.175341808,15.69859885,0.534219589,0.465780411,,,,,,,,
10/6/2019,2019,0,,HOU,ATL,1543.96594,1507.660704,0.641794155,0.358205845,,,,,Deshaun Watson,Matt Ryan,196.5674552,235.6260778,7.623458734,12.19671507,0.639233061,0.360766939,,,,,,,,
10/6/2019,2019,0,,CAR,JAX,1502.453091,1461.434874,0.648006933,0.351993067,,,,,,Gardner Minshew,86.62610357,70.73266405,-83.21573811,-90.86110196,0.611866169,0.388133831,,,,,,,,
10/6/2019,2019,0,,LAC,DEN,1553.342839,1406.275082,0.772197292,0.227802708,,,,,Philip Rivers,Joe Flacco,173.8052246,137.6489785,0.755246747,-2.987877181,0.751523304,0.248476696,,,,,,,,
10/6/2019,2019,0,,DAL,GB,1590.644257,1521.603749,0.683866729,0.316133271,,,,,Dak Prescott,Aaron Rodgers,231.123552,182.6587259,26.74850865,-1.435115775,0.628826738,0.371173262,,,,,,,,
10/6/2019,2019,0,,KC,IND,1652.218462,1569.953484,0.700089766,0.299910234,,,,,Patrick Mahomes,Jacoby Brissett,276.1638166,139.6810011,31.68232547,-8.466349187,0.788556921,0.211443079,,,,,,,,
10/7/2019,2019,0,,SF,CLE,1508.55676,1440.595979,0.682521468,0.317478532,,,,,Jimmy Garoppolo,Baker Mayfield,146.1552906,132.9945064,2.630201274,-11.87040137,0.693858331,0.306141669,,,,,,,,
10/10/2019,2019,0,,NE,NYG,1681.734792,1406.695714,0.876253713,0.123746287,,,,,Tom Brady,Daniel Jones,234.5726416,131.7382163,13.35846198,-17.71116882,0.890727093,0.109272907,,,,,,,,
10/13/2019,2019,1,,TB,CAR,1430.288657,1502.453091,0.397615168,0.602384832,,,,,Jameis Winston,,148.2051422,105.3361588,-8.055002708,-64.50568292,0.468178442,0.531821558,,,,,,,,
10/13/2019,2019,0,,MIN,PHI,1554.666512,1551.665409,0.596630702,0.403369298,,,,,Kirk Cousins,Carson Wentz,157.1486698,186.1506535,-8.159976591,3.093267949,0.581466929,0.418533071,,,,,,,,
10/13/2019,2019,0,,MIA,WSH,1361.322856,1393.397122,0.547242598,0.452757402,,,,,Josh Rosen,Case Keenum,45.31260785,164.3662294,-73.22478108,14.23765582,0.392701804,0.607298196,,,,,,,,
10/13/2019,2019,0,,JAX,NO,1461.434874,1615.923517,0.373989823,0.626010177,,,,,Gardner Minshew,Teddy Bridgewater,70.73266405,129.9988049,-90.86110196,-81.43746249,0.411630337,0.588369663,,,,,,,,
10/13/2019,2019,0,,KC,HOU,1652.218462,1543.96594,0.730531664,0.269468336,,,,,Patrick Mahomes,Deshaun Watson,276.1638166,196.5674552,31.68232547,7.623458734,0.745862228,0.254137772,,,,,,,,
10/13/2019,2019,0,,CLE,SEA,1440.595979,1558.244061,0.424807969,0.575192031,,,,,Baker Mayfield,Russell Wilson,132.9945064,221.5247085,-11.87040137,23.32544136,0.467690736,0.532309264,,,,,,,,
10/13/2019,2019,0,,BAL,CIN,1592.05092,1381.26093,0.830274621,0.169725379,,,,,Lamar Jackson,Andy Dalton,177.7060615,138.1329648,17.3856354,5.642437943,0.813814229,0.186185771,,,,,,,,
10/13/2019,2019,0,,LAR,SF,1648.447853,1508.55676,0.764848528,0.235151472,,,,,Jared Goff,Jimmy Garoppolo,149.7851182,146.1552906,-3.708328568,2.630201274,0.709912527,0.290087473,,,,,,,,
10/13/2019,2019,0,,ARI,ATL,1353.336042,1507.660704,0.374210848,0.625789152,,,,,Kyler Murray,Matt Ryan,109.7745056,235.6260778,3.322749909,12.19671507,0.338919238,0.661080762,,,,,,,,
10/13/2019,2019,0,,DEN,TEN,1406.275082,1509.526814,0.445172682,0.554827318,,,,,Joe Flacco,Marcus Mariota,137.6489785,119.3468342,-2.987877181,-6.175341808,0.48093459,0.51906541,,,,,,,,
10/13/2019,2019,0,,NYJ,DAL,1340.901259,1590.644257,0.25664762,0.74335238,,,,,Sam Darnold,Dak Prescott,115.1422469,231.123552,17.83141783,26.74850865,0.336229945,0.663770055,,,,,,,,
10/13/2019,2019,0,,LAC,PIT,1553.342839,1523.857992,0.632718842,0.367281158,,,,,Philip Rivers,Mason Rudolph,173.8052246,79.02616228,0.755246747,-135.9102337,0.790069025,0.209930975,,,,,,,,
10/14/2019,2019,0,,GB,DET,1521.603749,1524.816889,0.587992771,0.412007229,,,,,Aaron Rodgers,Matthew Stafford,182.6587259,160.4646507,-1.435115775,4.353333381,0.671371055,0.328628945,,,,,,,,
10/17/2019,2019,0,,DEN,KC,1406.275082,1652.218462,0.260842582,0.739157418,,,,,Joe Flacco,Patrick Mahomes,137.6489785,276.1638166,-2.987877181,31.68232547,0.222361638,0.777638362,,,,,,,,
10/20/2019,2019,0,,NYG,ARI,1406.695714,1353.336042,0.664036154,0.335963846,,,,,Daniel Jones,Kyler Murray,131.7382163,109.7745056,-17.71116882,3.322749909,0.641178704,0.358821296,,,,,,,,
10/20/2019,2019,0,,DET,MIN,1524.816889,1554.666512,0.550413572,0.449586428,,,,,Matthew Stafford,Kirk Cousins,160.4646507,157.1486698,4.353333381,-8.159976591,0.513089141,0.486910859,,,,,,,,
10/20/2019,2019,0,,ATL,LAR,1507.660704,1648.447853,0.39263109,0.60736891,,,,,Matt Ryan,Jared Goff,235.6260778,149.7851182,12.19671507,-3.708328568,0.405522213,0.594477787,,,,,,,,
10/20/2019,2019,0,,BUF,MIA,1494.387685,1361.322856,0.757707693,0.242292307,,,,,Josh Allen,Josh Rosen,160.9265492,45.31260785,15.69859885,-73.22478108,0.865625682,0.134374318,,,,,,,,
10/20/2019,2019,0,,CIN,JAX,1381.26093,1461.434874,0.478176813,0.521823187,,,,,Andy Dalton,Gardner Minshew,138.1329648,70.73266405,5.642437943,-90.86110196,0.545490204,0.454509796,,,,,,,,
10/20/2019,2019,0,,IND,HOU,1569.953484,1543.96594,0.628028056,0.371971944,,,,,Jacoby Brissett,Deshaun Watson,139.6810011,196.5674552,-8.466349187,7.623458734,0.523091223,0.476908777,,,,,,,,
10/20/2019,2019,0,,GB,OAK,1521.603749,1394.573542,0.751273287,0.248726713,,,,,Aaron Rodgers,Derek Carr,182.6587259,144.7426061,-1.435115775,0.31593799,0.788825382,0.211174618,,,,,,,,
10/20/2019,2019,0,,WSH,SF,1393.397122,1508.55676,0.428311852,0.571688148,,,,,Case Keenum,Jimmy Garoppolo,164.3662294,146.1552906,14.23765582,2.630201274,0.370207835,0.629792165,,,,,,,,
10/20/2019,2019,0,,TEN,LAC,1509.526814,1553.342839,0.530448469,0.469551531,,,,,Marcus Mariota,Philip Rivers,119.3468342,173.8052246,-6.175341808,0.755246747,0.500508933,0.499491067,,,,,,,,
10/20/2019,2019,0,,CHI,NO,1583.90209,1615.923517,0.547317957,0.452682043,,,,,Mitchell Trubisky,,152.9556094,136.332875,-4.698513632,-75.10339241,0.623652045,0.376347955,,,,,,,,
10/20/2019,2019,0,,SEA,BAL,1558.244061,1592.05092,0.544770311,0.455229689,,,,,Russell Wilson,Lamar Jackson,221.5247085,177.7060615,23.32544136,17.3856354,0.556432135,0.443567865,,,,,,,,
10/20/2019,2019,0,,DAL,PHI,1590.644257,1551.665409,0.645324582,0.354675418,,,,,Dak Prescott,Carson Wentz,231.123552,186.1506535,26.74850865,3.093267949,0.654632811,0.345367189,,,,,,,,
10/21/2019,2019,0,,NYJ,NE,1340.901259,1681.734792,0.169690061,0.830309939,,,,,Sam Darnold,Tom Brady,115.1422469,234.5726416,17.83141783,13.35846198,0.236662901,0.763337099,,,,,,,,
10/24/2019,2019,0,,MIN,WSH,1554.666512,1393.397122,0.78625733,0.21374267,,,,,Kirk Cousins,Case Keenum,157.1486698,164.3662294,-8.159976591,14.23765582,0.781664377,0.218335623,,,,,,,,
10/27/2019,2019,0,,JAX,NYJ,1461.434874,1340.901259,0.744219686,0.255780314,,,,,Gardner Minshew,Sam Darnold,70.73266405,115.1422469,-90.86110196,17.83141783,0.553043063,0.446956937,,,,,,,,
10/27/2019,2019,0,,CHI,LAC,1583.90209,1553.342839,0.634154909,0.365845091,,,,,Mitchell Trubisky,Philip Rivers,152.9556094,173.8052246,-4.698513632,0.755246747,0.605828392,0.394171608,,,,,,,,
10/27/2019,2019,1,,LAR,CIN,1648.447853,1381.26093,0.823181302,0.176818698,,,,,Jared Goff,Andy Dalton,149.7851182,138.1329648,-3.708328568,5.642437943,0.817943461,0.182056539,,,,,,,,
10/27/2019,2019,0,,TEN,TB,1509.526814,1430.288657,0.696418693,0.303581307,,,,,Marcus Mariota,Jameis Winston,119.3468342,148.2051422,-6.175341808,-8.055002708,0.664434502,0.335565498,,,,,,,,
10/27/2019,2019,0,,HOU,OAK,1543.96594,1394.573542,0.774542672,0.225457328,,,,,Deshaun Watson,Derek Carr,196.5674552,144.7426061,7.623458734,0.31593799,0.774474662,0.225525338,,,,,,,,
10/27/2019,2019,0,,BUF,PHI,1494.387685,1551.665409,0.511111419,0.488888581,,,,,Josh Allen,Carson Wentz,160.9265492,186.1506535,15.69859885,3.093267949,0.530198033,0.469801967,,,,,,,,
10/27/2019,2019,0,,NO,ARI,1615.923517,1353.336042,0.868269628,0.131730372,,,,,,Kyler Murray,179.0878481,109.7745056,-32.34841937,3.322749909,0.844582347,0.155417653,,,,,,,,
10/27/2019,2019,0,,DET,NYG,1524.816889,1406.695714,0.741567226,0.258432774,,,,,Matthew Stafford,Daniel Jones,160.4646507,131.7382163,4.353333381,-17.71116882,0.743161887,0.256838113,,,,,,,,
10/27/2019,2019,0,,ATL,SEA,1507.660704,1558.244061,0.520735318,0.479264682,,,,,Matt Ryan,Russell Wilson,235.6260778,221.5247085,12.19671507,23.32544136,0.538511196,0.461488804,,,,,,,,
10/27/2019,2019,0,,SF,CAR,1508.55676,1502.453091,0.600921369,0.399078631,,,,,Jimmy Garoppolo,,146.1552906,142.7562692,2.630201274,-27.08557252,0.675106191,0.324893809,,,,,,,,
10/27/2019,2019,0,,NE,CLE,1681.734792,1440.595979,0.853494567,0.146505433,,,,,Tom Brady,Baker Mayfield,234.5726416,132.9945064,13.35846198,-11.87040137,0.82916721,0.17083279,,,,,,,,
10/27/2019,2019,0,,IND,DEN,1569.953484,1406.275082,0.788578586,0.211421414,,,,,Jacoby Brissett,Joe Flacco,139.6810011,137.6489785,-8.466349187,-2.987877181,0.71745583,0.28254417,,,,,,,,
10/27/2019,2019,0,,KC,GB,1652.218462,1521.603749,0.755108983,0.244891017,,,,,Patrick Mahomes,Aaron Rodgers,276.1638166,182.6587259,31.68232547,-1.435115775,0.729792463,0.270207537,,,,,,,,
10/28/2019,2019,0,,PIT,MIA,1523.857992,1361.322856,0.787479273,0.212520727,,,,,Mason Rudolph,Josh Rosen,79.02616228,45.31260785,-135.9102337,-73.22478108,0.742620743,0.257379257,,,,,,,,
10/31/2019,2019,0,,ARI,SF,1353.336042,1508.55676,0.373003723,0.626996277,,,,,Kyler Murray,Jimmy Garoppolo,109.7745056,146.1552906,3.322749909,2.630201274,0.296943758,0.703056242,,,,,,,,
11/3/2019,2019,1,,JAX,HOU,1461.434874,1543.96594,0.383412926,0.616587074,,,,,Gardner Minshew,Deshaun Watson,70.73266405,196.5674552,-90.86110196,7.623458734,0.292518331,0.707481669,,,,,,,,
11/3/2019,2019,0,,PIT,IND,1523.857992,1569.953484,0.527178956,0.472821044,,,,,Mason Rudolph,Jacoby Brissett,79.02616228,139.6810011,-135.9102337,-8.466349187,0.387672966,0.612327034,,,,,,,,
11/3/2019,2019,0,,PHI,CHI,1551.665409,1583.90209,0.54701094,0.45298906,,,,,Carson Wentz,Mitchell Trubisky,186.1506535,152.9556094,3.093267949,-4.698513632,0.574384343,0.425615657,,,,,,,,
11/3/2019,2019,0,,MIA,NYJ,1361.322856,1340.901259,0.620513006,0.379486994,,,,,Josh Rosen,Sam Darnold,45.31260785,115.1422469,-73.22478108,17.83141783,0.344422727,0.655577273,,,,,,,,
11/3/2019,2019,0,,BUF,WSH,1494.387685,1393.397122,0.722223636,0.277776364,,,,,Josh Allen,Case Keenum,160.9265492,164.3662294,15.69859885,14.23765582,0.744380742,0.255619258,,,,,,,,
11/3/2019,2019,0,,KC,MIN,1652.218462,1554.666512,0.718235165,0.281764835,,,,,Patrick Mahomes,Kirk Cousins,276.1638166,157.1486698,31.68232547,-8.159976591,0.751361915,0.248638085,,,,,,,,
11/3/2019,2019,0,,CAR,TEN,1502.453091,1509.526814,0.582598687,0.417401313,,,,,Cam Newton,Marcus Mariota,153.5884064,119.3468342,-16.25343531,-6.175341808,0.593238035,0.406761965,,,,,,,,
11/3/2019,2019,0,,SEA,TB,1558.244061,1430.288657,0.752267155,0.247732845,,,,,Russell Wilson,Jameis Winston,221.5247085,148.2051422,23.32544136,-8.055002708,0.754040448,0.245959552,,,,,,,,
11/3/2019,2019,0,,OAK,DET,1394.573542,1524.816889,0.407195586,0.592804414,,,,,Derek Carr,Matthew Stafford,144.7426061,160.4646507,0.31593799,4.353333381,0.449243272,0.550756728,,,,,,,,
11/3/2019,2019,0,,DEN,CLE,1406.275082,1440.595979,0.544036385,0.455963615,,,,,Joe Flacco,Baker Mayfield,137.6489785,132.9945064,-2.987877181,-11.87040137,0.506924636,0.493075364,,,,,,,,
11/3/2019,2019,0,,LAC,GB,1553.342839,1521.603749,0.63572916,0.36427084,,,,,Philip Rivers,Aaron Rodgers,173.8052246,182.6587259,0.755246747,-1.435115775,0.552782256,0.447217744,,,,,,,,
11/3/2019,2019,0,,BAL,NE,1592.05092,1681.734792,0.4645367,0.5354633,,,,,Lamar Jackson,Tom Brady,177.7060615,234.5726416,17.3856354,13.35846198,0.427986689,0.572013311,,,,,,,,
11/4/2019,2019,0,,NYG,DAL,1406.695714,1590.644257,0.335208027,0.664791973,,,,,Daniel Jones,Dak Prescott,131.7382163,231.123552,-17.71116882,26.74850865,0.275638007,0.724361993,,,,,,,,
11/7/2019,2019,0,,OAK,LAC,1394.573542,1553.342839,0.368238887,0.631761113,,,,,Derek Carr,Philip Rivers,144.7426061,173.8052246,0.31593799,0.755246747,0.380538034,0.619461966,,,,,,,,
11/10/2019,2019,0,,TB,ARI,1430.288657,1353.336042,0.693629955,0.306370045,,,,,Jameis Winston,Kyler Murray,148.2051422,109.7745056,-8.055002708,3.322749909,0.699854684,0.300145316,,,,,,,,
11/10/2019,2019,0,,NO,ATL,1615.923517,1507.660704,0.730543326,0.269456674,,,,,Drew Brees,Matt Ryan,209.1746809,235.6260778,-2.261586486,12.19671507,0.695007576,0.304992424,,,,,,,,
11/10/2019,2019,0,,TEN,KC,1509.526814,1652.218462,0.390019781,0.609980219,,,,,Marcus Mariota,Patrick Mahomes,119.3468342,276.1638166,-6.175341808,31.68232547,0.302011944,0.697988056,,,,,,,,
11/10/2019,2019,0,,NYJ,NYG,1340.901259,1406.695714,0.498856689,0.501143311,,,,,Sam Darnold,Daniel Jones,115.1422469,131.7382163,17.83141783,-17.71116882,0.646266413,0.353733587,,,,,,,,
11/10/2019,2019,0,,CIN,BAL,1381.26093,1592.05092,0.301696001,0.698303999,,,,,Andy Dalton,Lamar Jackson,138.1329648,177.7060615,5.642437943,17.3856354,0.305278767,0.694721233,,,,,,,,
11/10/2019,2019,0,,CHI,DET,1583.90209,1524.816889,0.671348803,0.328651197,,,,,Mitchell Trubisky,Matthew Stafford,152.9556094,160.4646507,-4.698513632,4.353333381,0.655073384,0.344926616,,,,,,,,
11/10/2019,2019,0,,GB,CAR,1521.603749,1502.453091,0.61878872,0.38121128,,,,,Aaron Rodgers,Cam Newton,182.6587259,153.5884064,-1.435115775,-16.25343531,0.685790234,0.314209766,,,,,,,,
11/10/2019,2019,0,,CLE,BUF,1440.595979,1494.387685,0.516124439,0.483875561,,,,,Baker Mayfield,Josh Allen,132.9945064,160.9265492,-11.87040137,15.69859885,0.506844254,0.493155746,,,,,,,,
11/10/2019,2019,0,,IND,MIA,1569.953484,1361.322856,0.828515763,0.171484237,,,,,Jacoby Brissett,Josh Rosen,139.6810011,45.31260785,-8.466349187,-73.22478108,0.863089043,0.136910957,,,,,,,,
11/10/2019,2019,0,,PIT,LAR,1523.857992,1648.447853,0.415074415,0.584925585,,,,,Mason Rudolph,Jared Goff,79.02616228,149.7851182,-135.9102337,-3.708328568,0.237435792,0.762564208,,,,,,,,
11/10/2019,2019,0,,DAL,MIN,1590.644257,1554.666512,0.641360645,0.358639355,,,,,Dak Prescott,Kirk Cousins,231.123552,157.1486698,26.74850865,-8.159976591,0.654696155,0.345303845,,,,,,,,
11/11/2019,2019,0,,SF,SEA,1508.55676,1558.244061,0.522022488,0.477977512,,,,,Jimmy Garoppolo,Russell Wilson,146.1552906,221.5247085,2.630201274,23.32544136,0.572373932,0.427626068,,,,,,,,
11/14/2019,2019,0,,CLE,PIT,1440.595979,1523.857992,0.473743028,0.526256972,,,,,Baker Mayfield,Mason Rudolph,132.9945064,79.02616228,-11.87040137,-135.9102337,0.695390574,0.304609426,,,,,,,,
11/17/2019,2019,0,,BAL,HOU,1592.05092,1543.96594,0.657228898,0.342771102,,,,,Lamar Jackson,Deshaun Watson,177.7060615,196.5674552,17.3856354,7.623458734,0.613577558,0.386422442,,,,,,,,
11/17/2019,2019,0,,DET,DAL,1524.816889,1590.644257,0.498809324,0.501190676,,,,,Matthew Stafford,Dak Prescott,160.4646507,231.123552,4.353333381,26.74850865,0.440320579,0.559679421,,,,,,,,
11/17/2019,2019,0,,WSH,NYJ,1393.397122,1340.901259,0.662925928,0.337074072,,,,,Case Keenum,Sam Darnold,164.3662294,115.1422469,14.23765582,17.83141783,0.527368629,0.472631371,,,,,,,,
11/17/2019,2019,0,,MIN,DEN,1554.666512,1406.275082,0.773534878,0.226465122,,,,,Kirk Cousins,Joe Flacco,157.1486698,137.6489785,-8.159976591,-2.987877181,0.756681388,0.243318612,,,,,,,,
11/17/2019,2019,0,,CAR,ATL,1502.453091,1507.660704,0.585208606,0.414791394,,,,,Cam Newton,Matt Ryan,153.5884064,235.6260778,-16.25343531,12.19671507,0.548337693,0.451662307,,,,,,,,
11/17/2019,2019,0,,IND,JAX,1569.953484,1461.434874,0.730833087,0.269166913,,,,,Jacoby Brissett,,139.6810011,101.3422114,-8.466349187,-60.2515546,0.689006208,0.310993792,,,,,,,,
11/17/2019,2019,0,,MIA,BUF,1361.322856,1494.387685,0.403281018,0.596718982,,,,,Josh Rosen,Josh Allen,45.31260785,160.9265492,-73.22478108,15.69859885,0.235787802,0.764212198,,,,,,,,
11/17/2019,2019,0,,TB,NO,1430.288657,1615.923517,0.333048306,0.666951694,,,,,Jameis Winston,Drew Brees,148.2051422,209.1746809,-8.055002708,-2.261586486,0.331212853,0.668787147,,,,,,,,
11/17/2019,2019,0,,SF,ARI,1508.55676,1353.336042,0.780347462,0.219652538,,,,,Jimmy Garoppolo,Kyler Murray,146.1552906,109.7745056,2.630201274,3.322749909,0.821198979,0.178801021,,,,,,,,
11/17/2019,2019,0,,OAK,CIN,1394.573542,1381.26093,0.610830288,0.389169712,,,,,Derek Carr,Andy Dalton,144.7426061,138.1329648,0.31593799,5.642437943,0.626111051,0.373888949,,,,,,,,
11/17/2019,2019,0,,PHI,NE,1551.665409,1681.734792,0.407437338,0.592562662,,,,,Carson Wentz,Tom Brady,186.1506535,234.5726416,3.093267949,13.35846198,0.393390127,0.606609873,,,,,,,,
11/17/2019,2019,0,,LAR,CHI,1648.447853,1583.90209,0.678246564,0.321753436,,,,,Jared Goff,Mitchell Trubisky,149.7851182,152.9556094,-3.708328568,-4.698513632,0.686823884,0.313176116,,,,,,,,
11/18/2019,2019,1,,LAC,KC,1553.342839,1652.218462,0.361427479,0.638572521,,,,,Philip Rivers,Patrick Mahomes,173.8052246,276.1638166,0.755246747,31.68232547,0.307788,0.692212,,,,,,,,
11/21/2019,2019,0,,HOU,IND,1543.96594,1569.953484,0.555908662,0.444091338,,,,,Deshaun Watson,Jacoby Brissett,196.5674552,139.6810011,7.623458734,-8.466349187,0.641281586,0.358718414,,,,,,,,
11/24/2019,2019,0,,CIN,PIT,1381.26093,1523.857992,0.390149322,0.609850678,,,,,Andy Dalton,Mason Rudolph,138.1329648,79.02616228,5.642437943,-135.9102337,0.578411221,0.421588779,,,,,,,,
11/24/2019,2019,0,,WSH,DET,1393.397122,1524.816889,0.405561939,0.594438061,,,,,Case Keenum,Matthew Stafford,164.3662294,160.4646507,14.23765582,4.353333381,0.417129205,0.582870795,,,,,,,,
11/24/2019,2019,0,,NO,CAR,1615.923517,1502.453091,0.736403438,0.263596562,,,,,Drew Brees,Cam Newton,209.1746809,153.5884064,-2.261586486,-16.25343531,0.722453472,0.277546528,,,,,,,,
11/24/2019,2019,0,,ATL,TB,1507.660704,1430.288657,0.694142801,0.305857199,,,,,Matt Ryan,Jameis Winston,235.6260778,148.2051422,12.19671507,-8.055002708,0.70250451,0.29749549,,,,,,,,
11/24/2019,2019,0,,CLE,MIA,1440.595979,1361.322856,0.696461246,0.303538754,,,,,Baker Mayfield,Josh Rosen,132.9945064,45.31260785,-11.87040137,-73.22478108,0.827440741,0.172559259,,,,,,,,
11/24/2019,2019,0,,NYJ,OAK,1340.901259,1394.573542,0.516296121,0.483703879,,,,,Sam Darnold,Derek Carr,115.1422469,144.7426061,17.83141783,0.31593799,0.621223201,0.378776799,,,,,,,,
11/24/2019,2019,0,,CHI,NYG,1583.90209,1406.695714,0.80127018,0.19872982,,,,,Mitchell Trubisky,Daniel Jones,152.9556094,131.7382163,-4.698513632,-17.71116882,0.800133758,0.199866242,,,,,,,,
11/24/2019,2019,0,,BUF,DEN,1494.387685,1406.275082,0.707109557,0.292890443,,,,,Josh Allen,Joe Flacco,160.9265492,137.6489785,15.69859885,-2.987877181,0.72284461,0.27715539,,,,,,,,
11/24/2019,2019,0,,TEN,JAX,1509.526814,1461.434874,0.657237925,0.342762075,,,,,Marcus Mariota,,119.3468342,132.8793208,-6.175341808,-28.71444521,0.606730049,0.393269951,,,,,,,,
11/24/2019,2019,0,,NE,DAL,1681.734792,1590.644257,0.710647189,0.289352811,,,,,Tom Brady,Dak Prescott,234.5726416,231.123552,13.35846198,26.74850865,0.693226738,0.306773262,,,,,,,,
11/24/2019,2019,0,,SF,GB,1508.55676,1521.603749,0.574214072,0.425785928,,,,,Jimmy Garoppolo,Aaron Rodgers,146.1552906,182.6587259,2.630201274,-1.435115775,0.552712234,0.447287766,,,,,,,,
11/24/2019,2019,0,,PHI,SEA,1551.665409,1558.244061,0.583291545,0.416708455,,,,,Carson Wentz,Russell Wilson,186.1506535,221.5247085,3.093267949,23.32544136,0.59241014,0.40758986,,,,,,,,
11/25/2019,2019,0,,LAR,BAL,1648.447853,1592.05092,0.667925417,0.332074583,,,,,Jared Goff,Lamar Jackson,149.7851182,177.7060615,-3.708328568,17.3856354,0.665357704,0.334642296,,,,,,,,
11/28/2019,2019,0,,DET,CHI,1524.816889,1583.90209,0.508511258,0.491488742,,,,,Matthew Stafford,Mitchell Trubisky,160.4646507,152.9556094,4.353333381,-4.698513632,0.500675932,0.499324068,,,,,,,,
11/28/2019,2019,0,,DAL,BUF,1590.644257,1494.387685,0.716723656,0.283276344,,,,,Dak Prescott,Josh Allen,231.123552,160.9265492,26.74850865,15.69859885,0.698279704,0.301720296,,,,,,,,
11/28/2019,2019,0,,ATL,NO,1507.660704,1615.923517,0.438059612,0.561940388,,,,,Matt Ryan,Drew Brees,235.6260778,209.1746809,12.19671507,-2.261586486,0.457390054,0.542609946,,,,,,,,
12/1/2019,2019,0,,CAR,WSH,1502.453091,1393.397122,0.731441151,0.268558849,,,,,Cam Newton,Case Keenum,153.5884064,164.3662294,-16.25343531,14.23765582,0.716894042,0.283105958,,,,,,,,
12/1/2019,2019,0,,NYG,GB,1406.695714,1521.603749,0.428666532,0.571333468,,,,,Daniel Jones,Aaron Rodgers,131.7382163,182.6587259,-17.71116882,-1.435115775,0.311746035,0.688253965,,,,,,,,
12/1/2019,2019,0,,CIN,NYJ,1381.26093,1340.901259,0.647141768,0.352858232,,,,,Andy Dalton,Sam Darnold,138.1329648,115.1422469,5.642437943,17.83141783,0.514507594,0.485492406,,,,,,,,
12/1/2019,2019,0,,KC,OAK,1652.218462,1394.573542,0.864981166,0.135018834,,,,,Patrick Mahomes,Derek Carr,276.1638166,144.7426061,31.68232547,0.31593799,0.878231283,0.121768717,,,,,,,,
12/1/2019,2019,0,,BAL,SF,1592.05092,1508.55676,0.701573311,0.298426689,,,,,Lamar Jackson,Jimmy Garoppolo,177.7060615,146.1552906,17.3856354,2.630201274,0.635867481,0.364132519,,,,,,,,
12/1/2019,2019,0,,JAX,TB,1461.434874,1430.288657,0.634938454,0.365061546,,,,,Nick Foles,Jameis Winston,163.4888682,148.2051422,1.89510215,-8.055002708,0.677773031,0.322226969,,,,,,,,
12/1/2019,2019,0,,MIA,PHI,1361.322856,1551.665409,0.327056214,0.672943786,,,,,Josh Rosen,Carson Wentz,45.31260785,186.1506535,-73.22478108,3.093267949,0.200765181,0.799234819,,,,,,,,
12/1/2019,2019,0,,IND,TEN,1569.953484,1509.526814,0.673050349,0.326949651,,,,,Jacoby Brissett,Marcus Mariota,139.6810011,119.3468342,-8.466349187,-6.175341808,0.622019854,0.377980146,,,,,,,,
12/1/2019,2019,0,,ARI,LAR,1353.336042,1648.447853,0.210049002,0.789950998,,,,,Kyler Murray,Jared Goff,109.7745056,149.7851182,3.322749909,-3.708328568,0.200153511,0.799846489,,,,,,,,
12/1/2019,2019,0,,PIT,CLE,1523.857992,1440.595979,0.701293447,0.298706553,,,,,Mason Rudolph,Baker Mayfield,79.02616228,132.9945064,-135.9102337,-11.87040137,0.453395263,0.546604737,,,,,,,,
12/1/2019,2019,0,,DEN,LAC,1406.275082,1553.342839,0.384043626,0.615956374,,,,,Joe Flacco,Philip Rivers,137.6489785,173.8052246,-2.987877181,0.755246747,0.392831972,0.607168028,,,,,,,,
12/1/2019,2019,0,,HOU,NE,1543.96594,1681.734792,0.396782111,0.603217889,,,,,Deshaun Watson,Tom Brady,196.5674552,234.5726416,7.623458734,13.35846198,0.406587964,0.593412036,,,,,,,,
12/2/2019,2019,0,,SEA,MIN,1558.244061,1554.666512,0.597429033,0.402570967,,,,,Russell Wilson,Kirk Cousins,221.5247085,157.1486698,23.32544136,-8.159976591,0.588215253,0.411784747,,,,,,,,
12/5/2019,2019,0,,CHI,DAL,1583.90209,1590.644257,0.58306274,0.41693726,,,,,Mitchell Trubisky,Dak Prescott,152.9556094,231.123552,-4.698513632,26.74850865,0.518729247,0.481270753,,,,,,,,
12/8/2019,2019,0,,NO,SF,1615.923517,1508.55676,0.729526746,0.270473254,,,,,Drew Brees,Jimmy Garoppolo,209.1746809,146.1552906,-2.261586486,2.630201274,0.665177717,0.334822283,,,,,,,,
12/8/2019,2019,0,,TB,IND,1430.288657,1569.953484,0.394172826,0.605827174,,,,,Jameis Winston,Jacoby Brissett,148.2051422,139.6810011,-8.055002708,-8.466349187,0.452140629,0.547859371,,,,,,,,
12/8/2019,2019,0,,MIN,DET,1554.666512,1524.816889,0.633206673,0.366793327,,,,,Kirk Cousins,Matthew Stafford,157.1486698,160.4646507,-8.159976591,4.353333381,0.646983733,0.353016267,,,,,,,,
12/8/2019,2019,0,,ATL,CAR,1507.660704,1502.453091,0.599683735,0.400316265,,,,,Matt Ryan,Cam Newton,235.6260778,153.5884064,12.19671507,-16.25343531,0.610562412,0.389437588,,,,,,,,
12/8/2019,2019,0,,CLE,CIN,1440.595979,1381.26093,0.671666059,0.328333941,,,,,Baker Mayfield,Andy Dalton,132.9945064,138.1329648,-11.87040137,5.642437943,0.697245271,0.302754729,,,,,,,,
12/8/2019,2019,0,,NYJ,MIA,1340.901259,1361.322856,0.563803735,0.436196265,,,,,Sam Darnold,Josh Rosen,115.1422469,45.31260785,17.83141783,-73.22478108,0.790326909,0.209673091,,,,,,,,
12/8/2019,2019,0,,GB,WSH,1521.603749,1393.397122,0.752536565,0.247463435,,,,,Aaron Rodgers,Case Keenum,182.6587259,164.3662294,-1.435115775,14.23765582,0.799644659,0.200355341,,,,,,,,
12/8/2019,2019,0,,HOU,DEN,1543.96594,1406.275082,0.762562922,0.237437078,,,,,Deshaun Watson,Joe Flacco,196.5674552,137.6489785,7.623458734,-2.987877181,0.763763135,0.236236865,,,,,,,,
12/8/2019,2019,0,,BUF,BAL,1494.387685,1592.05092,0.453131824,0.546868176,,,,,Josh Allen,Lamar Jackson,160.9265492,177.7060615,15.69859885,17.3856354,0.494949082,0.505050918,,,,,,,,
12/8/2019,2019,0,,JAX,LAC,1461.434874,1553.342839,0.461353563,0.538646437,,,,,Nick Foles,Philip Rivers,163.4888682,173.8052246,1.89510215,0.755246747,0.520200901,0.479799099,,,,,,,,
12/8/2019,2019,0,,ARI,PIT,1353.336042,1523.857992,0.352644948,0.647355052,,,,,Kyler Murray,Mason Rudolph,109.7745056,79.02616228,3.322749909,-135.9102337,0.530866926,0.469133074,,,,,,,,
12/8/2019,2019,0,,NE,KC,1681.734792,1652.218462,0.632760955,0.367239045,,,,,Tom Brady,Patrick Mahomes,234.5726416,276.1638166,13.35846198,31.68232547,0.582079195,0.417920805,,,,,,,,
12/8/2019,2019,0,,OAK,TEN,1394.573542,1509.526814,0.428602757,0.571397243,,,,,Derek Carr,Marcus Mariota,144.7426061,119.3468342,0.31593799,-6.175341808,0.475503757,0.524496243,,,,,,,,
12/8/2019,2019,0,,LAR,SEA,1648.447853,1558.244061,0.709596434,0.290403566,,,,,Jared Goff,Russell Wilson,149.7851182,221.5247085,-3.708328568,23.32544136,0.701339021,0.298660979,,,,,,,,
12/9/2019,2019,0,,PHI,NYG,1551.665409,1406.695714,0.77006579,0.22993421,,,,,Carson Wentz,Daniel Jones,186.1506535,131.7382163,3.093267949,-17.71116882,0.792603754,0.207396246,,,,,,,,
12/12/2019,2019,0,,BAL,NYJ,1592.05092,1340.901259,0.860554577,0.139445423,,,,,Lamar Jackson,Sam Darnold,177.7060615,115.1422469,17.3856354,17.83141783,0.768098707,0.231901293,,,,,,,,
12/15/2019,2019,0,,GB,CHI,1521.603749,1583.90209,0.503887922,0.496112078,,,,,Aaron Rodgers,Mitchell Trubisky,182.6587259,152.9556094,-1.435115775,-4.698513632,0.596890721,0.403109279,,,,,,,,
12/15/2019,2019,0,,CAR,SEA,1502.453091,1558.244061,0.513249756,0.486750244,,,,,Cam Newton,Russell Wilson,153.5884064,221.5247085,-16.25343531,23.32544136,0.507216803,0.492783197,,,,,,,,
12/15/2019,2019,0,,WSH,PHI,1393.397122,1551.665409,0.368910082,0.631089918,,,,,Case Keenum,Carson Wentz,164.3662294,186.1506535,14.23765582,3.093267949,0.347869293,0.652130707,,,,,,,,
12/15/2019,2019,0,,CIN,NE,1381.26093,1681.734792,0.204973213,0.795026787,,,,,Andy Dalton,Tom Brady,138.1329648,234.5726416,5.642437943,13.35846198,0.193118433,0.806881567,,,,,,,,
12/15/2019,2019,0,,NYG,MIA,1406.695714,1361.322856,0.653703206,0.346296794,,,,,Daniel Jones,Josh Rosen,131.7382163,45.31260785,-17.71116882,-73.22478108,0.739011037,0.260988963,,,,,,,,
12/15/2019,2019,0,,KC,DEN,1652.218462,1406.275082,0.856919182,0.143080818,,,,,Patrick Mahomes,Joe Flacco,276.1638166,137.6489785,31.68232547,-2.987877181,0.871151914,0.128848086,,,,,,,,
12/15/2019,2019,0,,DET,TB,1524.816889,1430.288657,0.714699328,0.285300672,,,,,Matthew Stafford,Jameis Winston,160.4646507,148.2051422,4.353333381,-8.055002708,0.690058455,0.309941545,,,,,,,,
12/15/2019,2019,0,,PIT,BUF,1523.857992,1494.387685,0.63269939,0.36730061,,,,,Mason Rudolph,Josh Allen,79.02616228,160.9265492,-135.9102337,15.69859885,0.382529022,0.617470978,,,,,,,,
12/15/2019,2019,0,,TEN,HOU,1509.526814,1543.96594,0.543867555,0.456132445,,,,,Marcus Mariota,Deshaun Watson,119.3468342,196.5674552,-6.175341808,7.623458734,0.478034926,0.521965074,,,,,,,,
12/15/2019,2019,0,,OAK,JAX,1394.573542,1461.434874,0.497321354,0.502678646,,,,,Derek Carr,Nick Foles,144.7426061,163.4888682,0.31593799,1.89510215,0.460250928,0.539749072,,,,,,,,
12/15/2019,2019,0,,ARI,CLE,1353.336042,1440.595979,0.468009135,0.531990865,,,,,Kyler Murray,Baker Mayfield,109.7745056,132.9945064,3.322749909,-11.87040137,0.405066766,0.594933234,,,,,,,,
12/15/2019,2019,0,,DAL,LAR,1590.644257,1648.447853,0.510354976,0.489645024,,,,,Dak Prescott,Jared Goff,231.123552,149.7851182,26.74850865,-3.708328568,0.531787497,0.468212503,,,,,,,,
12/15/2019,2019,0,,SF,ATL,1508.55676,1507.660704,0.59371106,0.40628894,,,,,Jimmy Garoppolo,Matt Ryan,146.1552906,235.6260778,2.630201274,12.19671507,0.631212322,0.368787678,,,,,,,,
12/15/2019,2019,0,,LAC,MIN,1553.342839,1554.666512,0.590625172,0.409374828,,,,,Philip Rivers,Kirk Cousins,173.8052246,157.1486698,0.755246747,-8.159976591,0.579577435,0.420422565,,,,,,,,
12/16/2019,2019,0,,NO,IND,1615.923517,1569.953484,0.654480986,0.345519014,,,,,Drew Brees,Jacoby Brissett,209.1746809,139.6810011,-2.261586486,-8.466349187,0.697486787,0.302513213,,,,,,,,
12/21/2019,2019,0,,TB,HOU,1430.288657,1543.96594,0.430402546,0.569597454,,,,,Jameis Winston,Deshaun Watson,148.2051422,196.5674552,-8.055002708,7.623458734,0.392349003,0.607650997,,,,,,,,
12/21/2019,2019,0,,SF,LAR,1508.55676,1648.447853,0.393861833,0.606138167,,,,,Jimmy Garoppolo,Jared Goff,146.1552906,149.7851182,2.630201274,-3.708328568,0.454754075,0.545245925,,,,,,,,
12/21/2019,2019,0,,LAC,OAK,1553.342839,1394.573542,0.783828745,0.216171255,,,,,Philip Rivers,Derek Carr,173.8052246,144.7426061,0.755246747,0.31593799,0.757879145,0.242120855,,,,,,,,
12/21/2019,2019,0,,NE,BUF,1681.734792,1494.387685,0.810402359,0.189597641,,,,,Tom Brady,Josh Allen,234.5726416,160.9265492,13.35846198,15.69859885,0.782961847,0.217038153,,,,,,,,
12/21/2019,2019,0,,DEN,DET,1406.275082,1524.816889,0.423551372,0.576448628,,,,,Joe Flacco,Matthew Stafford,137.6489785,160.4646507,-2.987877181,4.353333381,0.454658356,0.545341644,,,,,,,,
12/22/2019,2019,0,,IND,CAR,1569.953484,1502.453091,0.681946929,0.318053071,,,,,Jacoby Brissett,Cam Newton,139.6810011,153.5884064,-8.466349187,-16.25343531,0.6104605,0.3895395,,,,,,,,
12/22/2019,2019,0,,CLE,BAL,1440.595979,1592.05092,0.378087291,0.621912709,,,,,Baker Mayfield,Lamar Jackson,132.9945064,177.7060615,-11.87040137,17.3856354,0.422514892,0.577485108,,,,,,,,
12/22/2019,2019,0,,TEN,NO,1509.526814,1615.923517,0.440705682,0.559294318,,,,,Marcus Mariota,Drew Brees,119.3468342,209.1746809,-6.175341808,-2.261586486,0.413231158,0.586768842,,,,,,,,
12/22/2019,2019,0,,MIA,CIN,1361.322856,1381.26093,0.564488129,0.435511871,,,,,Josh Rosen,Andy Dalton,45.31260785,138.1329648,-73.22478108,5.642437943,0.407239241,0.592760759,,,,,,,,
12/22/2019,2019,0,,NYJ,PIT,1340.901259,1523.857992,0.336481507,0.663518493,,,,,Sam Darnold,Mason Rudolph,115.1422469,79.02616228,17.83141783,-135.9102337,0.64316485,0.35683515,,,,,,,,
12/22/2019,2019,0,,ATL,JAX,1507.660704,1461.434874,0.654813893,0.345186107,,,,,Matt Ryan,Nick Foles,235.6260778,163.4888682,12.19671507,1.89510215,0.606657597,0.393342403,,,,,,,,
12/22/2019,2019,0,,WSH,NYG,1393.397122,1406.695714,0.573859925,0.426140075,,,,,Case Keenum,Daniel Jones,164.3662294,131.7382163,14.23765582,-17.71116882,0.597641206,0.402358794,,,,,,,,
12/22/2019,2019,0,,SEA,ARI,1558.244061,1353.336042,0.825449712,0.174550288,,,,,Russell Wilson,Kyler Murray,221.5247085,109.7745056,23.32544136,3.322749909,0.828644793,0.171355207,,,,,,,,
12/22/2019,2019,0,,PHI,DAL,1551.665409,1590.644257,0.537377588,0.462622412,,,,,Carson Wentz,Dak Prescott,186.1506535,231.123552,3.093267949,26.74850865,0.513559355,0.486440645,,,,,,,,
12/22/2019,2019,0,,CHI,KC,1583.90209,1652.218462,0.495227502,0.504772498,,,,,Mitchell Trubisky,Patrick Mahomes,152.9556094,276.1638166,-4.698513632,31.68232547,0.398661306,0.601338694,,,,,,,,
12/23/2019,2019,0,,MIN,GB,1554.666512,1521.603749,0.637491874,0.362508126,,,,,Kirk Cousins,Aaron Rodgers,157.1486698,182.6587259,-8.159976591,-1.435115775,0.551864812,0.448135188,,,,,,,,
12/29/2019,2019,0,,NE,MIA,1681.734792,1361.322856,0.901908242,0.098091758,,,,,Tom Brady,Josh Rosen,234.5726416,45.31260785,13.35846198,-73.22478108,0.943838651,0.056161349,,,,,,,,
12/29/2019,2019,0,,KC,LAC,1652.218462,1553.342839,0.719774618,0.280225382,,,,,Patrick Mahomes,Philip Rivers,276.1638166,173.8052246,31.68232547,0.755246747,0.760940824,0.239059176,,,,,,,,
12/29/2019,2019,0,,HOU,TEN,1543.96594,1509.526814,0.639320841,0.360679159,,,,,Deshaun Watson,Marcus Mariota,196.5674552,119.3468342,7.623458734,-6.175341808,0.679632825,0.320367175,,,,,,,,
12/29/2019,2019,0,,DET,GB,1524.816889,1521.603749,0.596924415,0.403075585,,,,,Matthew Stafford,Aaron Rodgers,160.4646507,182.6587259,4.353333381,-1.435115775,0.483083653,0.516916347,,,,,,,,
12/29/2019,2019,0,,BUF,NYJ,1494.387685,1340.901259,0.778631468,0.221368532,,,,,Josh Allen,Sam Darnold,160.9265492,115.1422469,15.69859885,17.83141783,0.702055847,0.297944153,,,,,,,,
12/29/2019,2019,0,,CAR,NO,1502.453091,1615.923517,0.430694493,0.569305507,,,,,Cam Newton,Drew Brees,153.5884064,209.1746809,-16.25343531,-2.261586486,0.427135984,0.572864016,,,,,,,,
12/29/2019,2019,0,,MIN,CHI,1554.666512,1583.90209,0.551288115,0.448711885,,,,,Kirk Cousins,Mitchell Trubisky,157.1486698,152.9556094,-8.159976591,-4.698513632,0.570075755,0.429924245,,,,,,,,
12/29/2019,2019,0,,TB,ATL,1430.288657,1507.660704,0.482202715,0.517797285,,,,,Jameis Winston,Matt Ryan,148.2051422,235.6260778,-8.055002708,12.19671507,0.448456468,0.551543532,,,,,,,,
12/29/2019,2019,0,,CIN,CLE,1381.26093,1440.595979,0.508151797,0.491848203,,,,,Andy Dalton,Baker Mayfield,138.1329648,132.9945064,5.642437943,-11.87040137,0.452464096,0.547535904,,,,,,,,
12/29/2019,2019,0,,DAL,WSH,1590.644257,1393.397122,0.81900427,0.18099573,,,,,Dak Prescott,Case Keenum,231.123552,164.3662294,26.74850865,14.23765582,0.829867119,0.170132881,,,,,,,,
12/29/2019,2019,0,,BAL,PIT,1592.05092,1523.857992,0.682810965,0.317189035,,,,,Lamar Jackson,Mason Rudolph,177.7060615,79.02616228,17.3856354,-135.9102337,0.812070988,0.187929012,,,,,,,,
12/29/2019,2019,0,,NYG,PHI,1406.695714,1551.665409,0.38690456,0.61309544,,,,,Daniel Jones,Carson Wentz,131.7382163,186.1506535,-17.71116882,3.093267949,0.331025045,0.668974955,,,,,,,,
12/29/2019,2019,0,,JAX,IND,1461.434874,1569.953484,0.437697172,0.562302828,,,,,Nick Foles,Jacoby Brissett,163.4888682,139.6810011,1.89510215,-8.466349187,0.556694929,0.443305071,,,,,,,,
12/29/2019,2019,0,,DEN,OAK,1406.275082,1394.573542,0.608623433,0.391376567,,,,,Joe Flacco,Derek Carr,137.6489785,144.7426061,-2.987877181,0.31593799,0.594170949,0.405829051,,,,,,,,
12/29/2019,2019,0,,SEA,SF,1558.244061,1508.55676,0.659303781,0.340696219,,,,,Russell Wilson,Jimmy Garoppolo,221.5247085,146.1552906,23.32544136,2.630201274,0.592218737,0.407781263,,,,,,,,
12/29/2019,2019,0,,LAR,ARI,1648.447853,1353.336042,0.888248136,0.111751864,,,,,Jared Goff,Kyler Murray,149.7851182,109.7745056,-3.708328568,3.322749909,0.88869602,0.11130398,,,,,,,,
,,,,,,,,,,,,,,,,,,,,,,,,,,,,,
,,,,,,,,,,,,,,,,,,,,,,,,,,,,,
,,,,,,,,,,,,,,,,,,,,,,,,,,,,,
,,,,,,,,,,,,,,,,,,,,,,,,,,,,,
,,,,,,,,,,,,,,,,,,,,,,,,,,,,,
,,,,,,,,,,,,,,,,,,,,,,,,,,,,,
,,,,,,,,,,,,,,,,,,,,,,,,,,,,,
,,,,,,,,,,,,,,,,,,,,,,,,,,,,,
,,,,,,,,,,,,,,,,,,,,,,,,,,,,,
,,,,,,,,,,,,,,,,,,,,,,,,,,,,,
,,,,,,,,,,,,,,,,,,,,,,,,,,,,,
